edge_type,model_from,model_to,layer,mode_rank,singular_value
it_lineage,gemma1_1_2b_it,gemma2_2b_it,layer_0,1,0.9821702837944031
it_lineage,gemma1_1_2b_it,gemma2_2b_it,layer_0,2,0.9272252917289734
it_lineage,gemma1_1_2b_it,gemma2_2b_it,layer_0,3,0.9151659607887268
it_lineage,gemma1_1_2b_it,gemma2_2b_it,layer_0,4,0.9064656496047974
it_lineage,gemma1_1_2b_it,gemma2_2b_it,layer_0,5,0.8813614249229431
it_lineage,gemma1_1_2b_it,gemma2_2b_it,layer_0,6,0.8653377294540405
it_lineage,gemma1_1_2b_it,gemma2_2b_it,layer_0,7,0.8572993278503418
it_lineage,gemma1_1_2b_it,gemma2_2b_it,layer_0,8,0.8337782621383667
it_lineage,gemma1_1_2b_it,gemma2_2b_it,layer_0,9,0.8113107681274414
it_lineage,gemma1_1_2b_it,gemma2_2b_it,layer_0,10,0.8013407588005066
it_lineage,gemma1_1_2b_it,gemma2_2b_it,layer_0,11,0.7896354794502258
it_lineage,gemma1_1_2b_it,gemma2_2b_it,layer_0,12,0.784731924533844
it_lineage,gemma1_1_2b_it,gemma2_2b_it,layer_0,13,0.7767793536186218
it_lineage,gemma1_1_2b_it,gemma2_2b_it,layer_0,14,0.7657783031463623
it_lineage,gemma1_1_2b_it,gemma2_2b_it,layer_0,15,0.7646546363830566
it_lineage,gemma1_1_2b_it,gemma2_2b_it,layer_0,16,0.759337306022644
it_lineage,gemma1_1_2b_it,gemma2_2b_it,layer_2,1,5.136519432067871
it_lineage,gemma1_1_2b_it,gemma2_2b_it,layer_2,2,4.397854804992676
it_lineage,gemma1_1_2b_it,gemma2_2b_it,layer_2,3,3.79884672164917
it_lineage,gemma1_1_2b_it,gemma2_2b_it,layer_2,4,3.4913179874420166
it_lineage,gemma1_1_2b_it,gemma2_2b_it,layer_2,5,3.43345046043396
it_lineage,gemma1_1_2b_it,gemma2_2b_it,layer_2,6,3.2415082454681396
it_lineage,gemma1_1_2b_it,gemma2_2b_it,layer_2,7,3.141000747680664
it_lineage,gemma1_1_2b_it,gemma2_2b_it,layer_2,8,3.0921895503997803
it_lineage,gemma1_1_2b_it,gemma2_2b_it,layer_2,9,3.0735349655151367
it_lineage,gemma1_1_2b_it,gemma2_2b_it,layer_2,10,2.9412989616394043
it_lineage,gemma1_1_2b_it,gemma2_2b_it,layer_2,11,2.895453453063965
it_lineage,gemma1_1_2b_it,gemma2_2b_it,layer_2,12,2.8557448387145996
it_lineage,gemma1_1_2b_it,gemma2_2b_it,layer_2,13,2.818619966506958
it_lineage,gemma1_1_2b_it,gemma2_2b_it,layer_2,14,2.7869951725006104
it_lineage,gemma1_1_2b_it,gemma2_2b_it,layer_2,15,2.7549870014190674
it_lineage,gemma1_1_2b_it,gemma2_2b_it,layer_2,16,2.704746723175049
it_lineage,gemma1_1_2b_it,gemma2_2b_it,layer_4,1,6.056424617767334
it_lineage,gemma1_1_2b_it,gemma2_2b_it,layer_4,2,5.123336315155029
it_lineage,gemma1_1_2b_it,gemma2_2b_it,layer_4,3,5.03369665145874
it_lineage,gemma1_1_2b_it,gemma2_2b_it,layer_4,4,4.861935615539551
it_lineage,gemma1_1_2b_it,gemma2_2b_it,layer_4,5,4.627920150756836
it_lineage,gemma1_1_2b_it,gemma2_2b_it,layer_4,6,4.526845455169678
it_lineage,gemma1_1_2b_it,gemma2_2b_it,layer_4,7,4.477497100830078
it_lineage,gemma1_1_2b_it,gemma2_2b_it,layer_4,8,4.406058311462402
it_lineage,gemma1_1_2b_it,gemma2_2b_it,layer_4,9,4.386734485626221
it_lineage,gemma1_1_2b_it,gemma2_2b_it,layer_4,10,4.274138927459717
it_lineage,gemma1_1_2b_it,gemma2_2b_it,layer_4,11,4.180698394775391
it_lineage,gemma1_1_2b_it,gemma2_2b_it,layer_4,12,4.102113246917725
it_lineage,gemma1_1_2b_it,gemma2_2b_it,layer_4,13,4.026350975036621
it_lineage,gemma1_1_2b_it,gemma2_2b_it,layer_4,14,3.964311361312866
it_lineage,gemma1_1_2b_it,gemma2_2b_it,layer_4,15,3.924875259399414
it_lineage,gemma1_1_2b_it,gemma2_2b_it,layer_4,16,3.881680727005005
it_lineage,gemma1_1_2b_it,gemma2_2b_it,layer_6,1,6.983096122741699
it_lineage,gemma1_1_2b_it,gemma2_2b_it,layer_6,2,6.248536109924316
it_lineage,gemma1_1_2b_it,gemma2_2b_it,layer_6,3,6.1438984870910645
it_lineage,gemma1_1_2b_it,gemma2_2b_it,layer_6,4,5.9489545822143555
it_lineage,gemma1_1_2b_it,gemma2_2b_it,layer_6,5,5.84152889251709
it_lineage,gemma1_1_2b_it,gemma2_2b_it,layer_6,6,5.668380260467529
it_lineage,gemma1_1_2b_it,gemma2_2b_it,layer_6,7,5.541073322296143
it_lineage,gemma1_1_2b_it,gemma2_2b_it,layer_6,8,5.412837028503418
it_lineage,gemma1_1_2b_it,gemma2_2b_it,layer_6,9,5.360908031463623
it_lineage,gemma1_1_2b_it,gemma2_2b_it,layer_6,10,5.2727556228637695
it_lineage,gemma1_1_2b_it,gemma2_2b_it,layer_6,11,5.2106852531433105
it_lineage,gemma1_1_2b_it,gemma2_2b_it,layer_6,12,5.159059524536133
it_lineage,gemma1_1_2b_it,gemma2_2b_it,layer_6,13,5.091833114624023
it_lineage,gemma1_1_2b_it,gemma2_2b_it,layer_6,14,5.009660243988037
it_lineage,gemma1_1_2b_it,gemma2_2b_it,layer_6,15,4.847872257232666
it_lineage,gemma1_1_2b_it,gemma2_2b_it,layer_6,16,4.800256252288818
it_lineage,gemma1_1_2b_it,gemma2_2b_it,layer_8,1,10.282247543334961
it_lineage,gemma1_1_2b_it,gemma2_2b_it,layer_8,2,8.120418548583984
it_lineage,gemma1_1_2b_it,gemma2_2b_it,layer_8,3,8.020866394042969
it_lineage,gemma1_1_2b_it,gemma2_2b_it,layer_8,4,7.044959545135498
it_lineage,gemma1_1_2b_it,gemma2_2b_it,layer_8,5,6.78375244140625
it_lineage,gemma1_1_2b_it,gemma2_2b_it,layer_8,6,6.523623943328857
it_lineage,gemma1_1_2b_it,gemma2_2b_it,layer_8,7,6.379154682159424
it_lineage,gemma1_1_2b_it,gemma2_2b_it,layer_8,8,6.2371721267700195
it_lineage,gemma1_1_2b_it,gemma2_2b_it,layer_8,9,6.0885491371154785
it_lineage,gemma1_1_2b_it,gemma2_2b_it,layer_8,10,6.034397125244141
it_lineage,gemma1_1_2b_it,gemma2_2b_it,layer_8,11,6.010364055633545
it_lineage,gemma1_1_2b_it,gemma2_2b_it,layer_8,12,5.840621471405029
it_lineage,gemma1_1_2b_it,gemma2_2b_it,layer_8,13,5.830690383911133
it_lineage,gemma1_1_2b_it,gemma2_2b_it,layer_8,14,5.792076587677002
it_lineage,gemma1_1_2b_it,gemma2_2b_it,layer_8,15,5.67788028717041
it_lineage,gemma1_1_2b_it,gemma2_2b_it,layer_8,16,5.487098217010498
it_lineage,gemma1_1_2b_it,gemma2_2b_it,layer_10,1,13.055319786071777
it_lineage,gemma1_1_2b_it,gemma2_2b_it,layer_10,2,9.53825569152832
it_lineage,gemma1_1_2b_it,gemma2_2b_it,layer_10,3,8.467850685119629
it_lineage,gemma1_1_2b_it,gemma2_2b_it,layer_10,4,8.18283748626709
it_lineage,gemma1_1_2b_it,gemma2_2b_it,layer_10,5,7.642893314361572
it_lineage,gemma1_1_2b_it,gemma2_2b_it,layer_10,6,7.283467769622803
it_lineage,gemma1_1_2b_it,gemma2_2b_it,layer_10,7,7.219026565551758
it_lineage,gemma1_1_2b_it,gemma2_2b_it,layer_10,8,6.9203691482543945
it_lineage,gemma1_1_2b_it,gemma2_2b_it,layer_10,9,6.84588098526001
it_lineage,gemma1_1_2b_it,gemma2_2b_it,layer_10,10,6.672235488891602
it_lineage,gemma1_1_2b_it,gemma2_2b_it,layer_10,11,6.602570056915283
it_lineage,gemma1_1_2b_it,gemma2_2b_it,layer_10,12,6.509711742401123
it_lineage,gemma1_1_2b_it,gemma2_2b_it,layer_10,13,6.41060209274292
it_lineage,gemma1_1_2b_it,gemma2_2b_it,layer_10,14,6.320479869842529
it_lineage,gemma1_1_2b_it,gemma2_2b_it,layer_10,15,6.204777240753174
it_lineage,gemma1_1_2b_it,gemma2_2b_it,layer_10,16,6.141060829162598
it_lineage,gemma1_1_2b_it,gemma2_2b_it,layer_12,1,15.784154891967773
it_lineage,gemma1_1_2b_it,gemma2_2b_it,layer_12,2,13.113265037536621
it_lineage,gemma1_1_2b_it,gemma2_2b_it,layer_12,3,10.691068649291992
it_lineage,gemma1_1_2b_it,gemma2_2b_it,layer_12,4,9.757906913757324
it_lineage,gemma1_1_2b_it,gemma2_2b_it,layer_12,5,9.22803783416748
it_lineage,gemma1_1_2b_it,gemma2_2b_it,layer_12,6,9.132791519165039
it_lineage,gemma1_1_2b_it,gemma2_2b_it,layer_12,7,8.65706729888916
it_lineage,gemma1_1_2b_it,gemma2_2b_it,layer_12,8,8.30587100982666
it_lineage,gemma1_1_2b_it,gemma2_2b_it,layer_12,9,8.10324764251709
it_lineage,gemma1_1_2b_it,gemma2_2b_it,layer_12,10,7.918755531311035
it_lineage,gemma1_1_2b_it,gemma2_2b_it,layer_12,11,7.795546054840088
it_lineage,gemma1_1_2b_it,gemma2_2b_it,layer_12,12,7.699580669403076
it_lineage,gemma1_1_2b_it,gemma2_2b_it,layer_12,13,7.642331123352051
it_lineage,gemma1_1_2b_it,gemma2_2b_it,layer_12,14,7.45660400390625
it_lineage,gemma1_1_2b_it,gemma2_2b_it,layer_12,15,7.40399169921875
it_lineage,gemma1_1_2b_it,gemma2_2b_it,layer_12,16,7.345190525054932
it_lineage,gemma2_2b_it,gemma3_1b_it,layer_0,1,0.8307799100875854
it_lineage,gemma2_2b_it,gemma3_1b_it,layer_0,2,0.7767091989517212
it_lineage,gemma2_2b_it,gemma3_1b_it,layer_0,3,0.7639892101287842
it_lineage,gemma2_2b_it,gemma3_1b_it,layer_0,4,0.7406823039054871
it_lineage,gemma2_2b_it,gemma3_1b_it,layer_0,5,0.7206891775131226
it_lineage,gemma2_2b_it,gemma3_1b_it,layer_0,6,0.7124159336090088
it_lineage,gemma2_2b_it,gemma3_1b_it,layer_0,7,0.7012898921966553
it_lineage,gemma2_2b_it,gemma3_1b_it,layer_0,8,0.6849668622016907
it_lineage,gemma2_2b_it,gemma3_1b_it,layer_0,9,0.6731603145599365
it_lineage,gemma2_2b_it,gemma3_1b_it,layer_0,10,0.6647682785987854
it_lineage,gemma2_2b_it,gemma3_1b_it,layer_0,11,0.6610159873962402
it_lineage,gemma2_2b_it,gemma3_1b_it,layer_0,12,0.6477735042572021
it_lineage,gemma2_2b_it,gemma3_1b_it,layer_0,13,0.6468680500984192
it_lineage,gemma2_2b_it,gemma3_1b_it,layer_0,14,0.6373283863067627
it_lineage,gemma2_2b_it,gemma3_1b_it,layer_0,15,0.6302230358123779
it_lineage,gemma2_2b_it,gemma3_1b_it,layer_0,16,0.6267340779304504
it_lineage,gemma2_2b_it,gemma3_1b_it,layer_2,1,10.455653190612793
it_lineage,gemma2_2b_it,gemma3_1b_it,layer_2,2,7.979471206665039
it_lineage,gemma2_2b_it,gemma3_1b_it,layer_2,3,7.435927391052246
it_lineage,gemma2_2b_it,gemma3_1b_it,layer_2,4,7.2910637855529785
it_lineage,gemma2_2b_it,gemma3_1b_it,layer_2,5,7.0565948486328125
it_lineage,gemma2_2b_it,gemma3_1b_it,layer_2,6,6.8676323890686035
it_lineage,gemma2_2b_it,gemma3_1b_it,layer_2,7,6.510700702667236
it_lineage,gemma2_2b_it,gemma3_1b_it,layer_2,8,6.264899730682373
it_lineage,gemma2_2b_it,gemma3_1b_it,layer_2,9,6.137175559997559
it_lineage,gemma2_2b_it,gemma3_1b_it,layer_2,10,5.930684566497803
it_lineage,gemma2_2b_it,gemma3_1b_it,layer_2,11,5.7261576652526855
it_lineage,gemma2_2b_it,gemma3_1b_it,layer_2,12,5.610240936279297
it_lineage,gemma2_2b_it,gemma3_1b_it,layer_2,13,5.406632900238037
it_lineage,gemma2_2b_it,gemma3_1b_it,layer_2,14,5.330909729003906
it_lineage,gemma2_2b_it,gemma3_1b_it,layer_2,15,5.041039943695068
it_lineage,gemma2_2b_it,gemma3_1b_it,layer_2,16,5.013880729675293
it_lineage,gemma2_2b_it,gemma3_1b_it,layer_4,1,21.443504333496094
it_lineage,gemma2_2b_it,gemma3_1b_it,layer_4,2,11.05906867980957
it_lineage,gemma2_2b_it,gemma3_1b_it,layer_4,3,8.448112487792969
it_lineage,gemma2_2b_it,gemma3_1b_it,layer_4,4,7.808411121368408
it_lineage,gemma2_2b_it,gemma3_1b_it,layer_4,5,7.548814296722412
it_lineage,gemma2_2b_it,gemma3_1b_it,layer_4,6,7.482793807983398
it_lineage,gemma2_2b_it,gemma3_1b_it,layer_4,7,7.172503471374512
it_lineage,gemma2_2b_it,gemma3_1b_it,layer_4,8,7.015468597412109
it_lineage,gemma2_2b_it,gemma3_1b_it,layer_4,9,6.454105377197266
it_lineage,gemma2_2b_it,gemma3_1b_it,layer_4,10,6.369329929351807
it_lineage,gemma2_2b_it,gemma3_1b_it,layer_4,11,6.2146830558776855
it_lineage,gemma2_2b_it,gemma3_1b_it,layer_4,12,6.126091480255127
it_lineage,gemma2_2b_it,gemma3_1b_it,layer_4,13,5.9919023513793945
it_lineage,gemma2_2b_it,gemma3_1b_it,layer_4,14,5.886847019195557
it_lineage,gemma2_2b_it,gemma3_1b_it,layer_4,15,5.778425216674805
it_lineage,gemma2_2b_it,gemma3_1b_it,layer_4,16,5.6748948097229
it_lineage,gemma2_2b_it,gemma3_1b_it,layer_6,1,48.03131866455078
it_lineage,gemma2_2b_it,gemma3_1b_it,layer_6,2,12.71929931640625
it_lineage,gemma2_2b_it,gemma3_1b_it,layer_6,3,9.299636840820312
it_lineage,gemma2_2b_it,gemma3_1b_it,layer_6,4,8.501643180847168
it_lineage,gemma2_2b_it,gemma3_1b_it,layer_6,5,8.176851272583008
it_lineage,gemma2_2b_it,gemma3_1b_it,layer_6,6,8.098243713378906
it_lineage,gemma2_2b_it,gemma3_1b_it,layer_6,7,7.838551044464111
it_lineage,gemma2_2b_it,gemma3_1b_it,layer_6,8,7.6756134033203125
it_lineage,gemma2_2b_it,gemma3_1b_it,layer_6,9,7.360017776489258
it_lineage,gemma2_2b_it,gemma3_1b_it,layer_6,10,7.246339797973633
it_lineage,gemma2_2b_it,gemma3_1b_it,layer_6,11,7.126233100891113
it_lineage,gemma2_2b_it,gemma3_1b_it,layer_6,12,6.99066162109375
it_lineage,gemma2_2b_it,gemma3_1b_it,layer_6,13,6.690695762634277
it_lineage,gemma2_2b_it,gemma3_1b_it,layer_6,14,6.645500183105469
it_lineage,gemma2_2b_it,gemma3_1b_it,layer_6,15,6.569571018218994
it_lineage,gemma2_2b_it,gemma3_1b_it,layer_6,16,6.265133857727051
it_lineage,gemma2_2b_it,gemma3_1b_it,layer_8,1,87.1161117553711
it_lineage,gemma2_2b_it,gemma3_1b_it,layer_8,2,15.686507225036621
it_lineage,gemma2_2b_it,gemma3_1b_it,layer_8,3,12.030411720275879
it_lineage,gemma2_2b_it,gemma3_1b_it,layer_8,4,10.17247200012207
it_lineage,gemma2_2b_it,gemma3_1b_it,layer_8,5,9.383395195007324
it_lineage,gemma2_2b_it,gemma3_1b_it,layer_8,6,9.264552116394043
it_lineage,gemma2_2b_it,gemma3_1b_it,layer_8,7,8.82043743133545
it_lineage,gemma2_2b_it,gemma3_1b_it,layer_8,8,8.529141426086426
it_lineage,gemma2_2b_it,gemma3_1b_it,layer_8,9,8.430871963500977
it_lineage,gemma2_2b_it,gemma3_1b_it,layer_8,10,8.287252426147461
it_lineage,gemma2_2b_it,gemma3_1b_it,layer_8,11,7.989504814147949
it_lineage,gemma2_2b_it,gemma3_1b_it,layer_8,12,7.872982501983643
it_lineage,gemma2_2b_it,gemma3_1b_it,layer_8,13,7.817528247833252
it_lineage,gemma2_2b_it,gemma3_1b_it,layer_8,14,7.6968278884887695
it_lineage,gemma2_2b_it,gemma3_1b_it,layer_8,15,7.605701923370361
it_lineage,gemma2_2b_it,gemma3_1b_it,layer_8,16,7.531202793121338
it_lineage,gemma2_2b_it,gemma3_1b_it,layer_10,1,100.71078491210938
it_lineage,gemma2_2b_it,gemma3_1b_it,layer_10,2,17.408550262451172
it_lineage,gemma2_2b_it,gemma3_1b_it,layer_10,3,15.783096313476562
it_lineage,gemma2_2b_it,gemma3_1b_it,layer_10,4,13.568177223205566
it_lineage,gemma2_2b_it,gemma3_1b_it,layer_10,5,13.123333930969238
it_lineage,gemma2_2b_it,gemma3_1b_it,layer_10,6,13.0209379196167
it_lineage,gemma2_2b_it,gemma3_1b_it,layer_10,7,12.752223014831543
it_lineage,gemma2_2b_it,gemma3_1b_it,layer_10,8,12.483842849731445
it_lineage,gemma2_2b_it,gemma3_1b_it,layer_10,9,12.03812026977539
it_lineage,gemma2_2b_it,gemma3_1b_it,layer_10,10,11.965996742248535
it_lineage,gemma2_2b_it,gemma3_1b_it,layer_10,11,11.753351211547852
it_lineage,gemma2_2b_it,gemma3_1b_it,layer_10,12,11.528160095214844
it_lineage,gemma2_2b_it,gemma3_1b_it,layer_10,13,11.444130897521973
it_lineage,gemma2_2b_it,gemma3_1b_it,layer_10,14,10.885886192321777
it_lineage,gemma2_2b_it,gemma3_1b_it,layer_10,15,10.848764419555664
it_lineage,gemma2_2b_it,gemma3_1b_it,layer_10,16,10.74294662475586
it_lineage,gemma2_2b_it,gemma3_1b_it,layer_12,1,133.38304138183594
it_lineage,gemma2_2b_it,gemma3_1b_it,layer_12,2,23.461973190307617
it_lineage,gemma2_2b_it,gemma3_1b_it,layer_12,3,20.880088806152344
it_lineage,gemma2_2b_it,gemma3_1b_it,layer_12,4,18.072818756103516
it_lineage,gemma2_2b_it,gemma3_1b_it,layer_12,5,17.576961517333984
it_lineage,gemma2_2b_it,gemma3_1b_it,layer_12,6,16.83156967163086
it_lineage,gemma2_2b_it,gemma3_1b_it,layer_12,7,16.666635513305664
it_lineage,gemma2_2b_it,gemma3_1b_it,layer_12,8,16.32859992980957
it_lineage,gemma2_2b_it,gemma3_1b_it,layer_12,9,15.850784301757812
it_lineage,gemma2_2b_it,gemma3_1b_it,layer_12,10,15.121423721313477
it_lineage,gemma2_2b_it,gemma3_1b_it,layer_12,11,14.83565902709961
it_lineage,gemma2_2b_it,gemma3_1b_it,layer_12,12,14.64377212524414
it_lineage,gemma2_2b_it,gemma3_1b_it,layer_12,13,14.253028869628906
it_lineage,gemma2_2b_it,gemma3_1b_it,layer_12,14,14.060452461242676
it_lineage,gemma2_2b_it,gemma3_1b_it,layer_12,15,13.802355766296387
it_lineage,gemma2_2b_it,gemma3_1b_it,layer_12,16,13.640941619873047
it_lineage,gemma3_1b_it,gemma3_4b_it,layer_0,1,1.2598378658294678
it_lineage,gemma3_1b_it,gemma3_4b_it,layer_0,2,1.2313555479049683
it_lineage,gemma3_1b_it,gemma3_4b_it,layer_0,3,1.1956669092178345
it_lineage,gemma3_1b_it,gemma3_4b_it,layer_0,4,1.1664282083511353
it_lineage,gemma3_1b_it,gemma3_4b_it,layer_0,5,1.161033034324646
it_lineage,gemma3_1b_it,gemma3_4b_it,layer_0,6,1.141552448272705
it_lineage,gemma3_1b_it,gemma3_4b_it,layer_0,7,1.1348154544830322
it_lineage,gemma3_1b_it,gemma3_4b_it,layer_0,8,1.1300344467163086
it_lineage,gemma3_1b_it,gemma3_4b_it,layer_0,9,1.1121896505355835
it_lineage,gemma3_1b_it,gemma3_4b_it,layer_0,10,1.0852622985839844
it_lineage,gemma3_1b_it,gemma3_4b_it,layer_0,11,1.077998161315918
it_lineage,gemma3_1b_it,gemma3_4b_it,layer_0,12,1.073028802871704
it_lineage,gemma3_1b_it,gemma3_4b_it,layer_0,13,1.0664631128311157
it_lineage,gemma3_1b_it,gemma3_4b_it,layer_0,14,1.0650283098220825
it_lineage,gemma3_1b_it,gemma3_4b_it,layer_0,15,1.044689655303955
it_lineage,gemma3_1b_it,gemma3_4b_it,layer_0,16,1.0431923866271973
it_lineage,gemma3_1b_it,gemma3_4b_it,layer_2,1,12.975442886352539
it_lineage,gemma3_1b_it,gemma3_4b_it,layer_2,2,5.449840545654297
it_lineage,gemma3_1b_it,gemma3_4b_it,layer_2,3,5.235666751861572
it_lineage,gemma3_1b_it,gemma3_4b_it,layer_2,4,5.08612585067749
it_lineage,gemma3_1b_it,gemma3_4b_it,layer_2,5,4.610922336578369
it_lineage,gemma3_1b_it,gemma3_4b_it,layer_2,6,4.560236930847168
it_lineage,gemma3_1b_it,gemma3_4b_it,layer_2,7,4.447084426879883
it_lineage,gemma3_1b_it,gemma3_4b_it,layer_2,8,4.184152126312256
it_lineage,gemma3_1b_it,gemma3_4b_it,layer_2,9,4.127504348754883
it_lineage,gemma3_1b_it,gemma3_4b_it,layer_2,10,4.090178489685059
it_lineage,gemma3_1b_it,gemma3_4b_it,layer_2,11,3.9098033905029297
it_lineage,gemma3_1b_it,gemma3_4b_it,layer_2,12,3.7374396324157715
it_lineage,gemma3_1b_it,gemma3_4b_it,layer_2,13,3.7091004848480225
it_lineage,gemma3_1b_it,gemma3_4b_it,layer_2,14,3.6117842197418213
it_lineage,gemma3_1b_it,gemma3_4b_it,layer_2,15,3.5540194511413574
it_lineage,gemma3_1b_it,gemma3_4b_it,layer_2,16,3.405315399169922
it_lineage,gemma3_1b_it,gemma3_4b_it,layer_4,1,25.590852737426758
it_lineage,gemma3_1b_it,gemma3_4b_it,layer_4,2,5.8164448738098145
it_lineage,gemma3_1b_it,gemma3_4b_it,layer_4,3,5.753875255584717
it_lineage,gemma3_1b_it,gemma3_4b_it,layer_4,4,5.573444843292236
it_lineage,gemma3_1b_it,gemma3_4b_it,layer_4,5,5.238313674926758
it_lineage,gemma3_1b_it,gemma3_4b_it,layer_4,6,4.999722957611084
it_lineage,gemma3_1b_it,gemma3_4b_it,layer_4,7,4.852930068969727
it_lineage,gemma3_1b_it,gemma3_4b_it,layer_4,8,4.6519598960876465
it_lineage,gemma3_1b_it,gemma3_4b_it,layer_4,9,4.462355613708496
it_lineage,gemma3_1b_it,gemma3_4b_it,layer_4,10,4.383386611938477
it_lineage,gemma3_1b_it,gemma3_4b_it,layer_4,11,4.230026721954346
it_lineage,gemma3_1b_it,gemma3_4b_it,layer_4,12,4.120872974395752
it_lineage,gemma3_1b_it,gemma3_4b_it,layer_4,13,4.081707954406738
it_lineage,gemma3_1b_it,gemma3_4b_it,layer_4,14,3.986638069152832
it_lineage,gemma3_1b_it,gemma3_4b_it,layer_4,15,3.8786699771881104
it_lineage,gemma3_1b_it,gemma3_4b_it,layer_4,16,3.8630456924438477
it_lineage,gemma3_1b_it,gemma3_4b_it,layer_6,1,56.32607650756836
it_lineage,gemma3_1b_it,gemma3_4b_it,layer_6,2,5.409666538238525
it_lineage,gemma3_1b_it,gemma3_4b_it,layer_6,3,5.321864128112793
it_lineage,gemma3_1b_it,gemma3_4b_it,layer_6,4,4.99072790145874
it_lineage,gemma3_1b_it,gemma3_4b_it,layer_6,5,4.654924392700195
it_lineage,gemma3_1b_it,gemma3_4b_it,layer_6,6,4.606696605682373
it_lineage,gemma3_1b_it,gemma3_4b_it,layer_6,7,4.473657131195068
it_lineage,gemma3_1b_it,gemma3_4b_it,layer_6,8,4.409436225891113
it_lineage,gemma3_1b_it,gemma3_4b_it,layer_6,9,4.2396440505981445
it_lineage,gemma3_1b_it,gemma3_4b_it,layer_6,10,4.1604323387146
it_lineage,gemma3_1b_it,gemma3_4b_it,layer_6,11,4.098562240600586
it_lineage,gemma3_1b_it,gemma3_4b_it,layer_6,12,4.03977108001709
it_lineage,gemma3_1b_it,gemma3_4b_it,layer_6,13,3.9885709285736084
it_lineage,gemma3_1b_it,gemma3_4b_it,layer_6,14,3.8756484985351562
it_lineage,gemma3_1b_it,gemma3_4b_it,layer_6,15,3.7148218154907227
it_lineage,gemma3_1b_it,gemma3_4b_it,layer_6,16,3.6656720638275146
it_lineage,gemma3_1b_it,gemma3_4b_it,layer_8,1,66.38739013671875
it_lineage,gemma3_1b_it,gemma3_4b_it,layer_8,2,6.4240403175354
it_lineage,gemma3_1b_it,gemma3_4b_it,layer_8,3,4.994546413421631
it_lineage,gemma3_1b_it,gemma3_4b_it,layer_8,4,4.676533222198486
it_lineage,gemma3_1b_it,gemma3_4b_it,layer_8,5,4.428344249725342
it_lineage,gemma3_1b_it,gemma3_4b_it,layer_8,6,4.334625244140625
it_lineage,gemma3_1b_it,gemma3_4b_it,layer_8,7,4.247023105621338
it_lineage,gemma3_1b_it,gemma3_4b_it,layer_8,8,4.137846946716309
it_lineage,gemma3_1b_it,gemma3_4b_it,layer_8,9,3.9842312335968018
it_lineage,gemma3_1b_it,gemma3_4b_it,layer_8,10,3.7727575302124023
it_lineage,gemma3_1b_it,gemma3_4b_it,layer_8,11,3.754286289215088
it_lineage,gemma3_1b_it,gemma3_4b_it,layer_8,12,3.6755311489105225
it_lineage,gemma3_1b_it,gemma3_4b_it,layer_8,13,3.63706111907959
it_lineage,gemma3_1b_it,gemma3_4b_it,layer_8,14,3.5537030696868896
it_lineage,gemma3_1b_it,gemma3_4b_it,layer_8,15,3.521263360977173
it_lineage,gemma3_1b_it,gemma3_4b_it,layer_8,16,3.429419994354248
it_lineage,gemma3_1b_it,gemma3_4b_it,layer_10,1,65.41136169433594
it_lineage,gemma3_1b_it,gemma3_4b_it,layer_10,2,4.53236722946167
it_lineage,gemma3_1b_it,gemma3_4b_it,layer_10,3,4.052440643310547
it_lineage,gemma3_1b_it,gemma3_4b_it,layer_10,4,3.6947407722473145
it_lineage,gemma3_1b_it,gemma3_4b_it,layer_10,5,3.5764424800872803
it_lineage,gemma3_1b_it,gemma3_4b_it,layer_10,6,3.5087380409240723
it_lineage,gemma3_1b_it,gemma3_4b_it,layer_10,7,3.392087697982788
it_lineage,gemma3_1b_it,gemma3_4b_it,layer_10,8,3.317869186401367
it_lineage,gemma3_1b_it,gemma3_4b_it,layer_10,9,3.2786672115325928
it_lineage,gemma3_1b_it,gemma3_4b_it,layer_10,10,3.2166521549224854
it_lineage,gemma3_1b_it,gemma3_4b_it,layer_10,11,3.1544530391693115
it_lineage,gemma3_1b_it,gemma3_4b_it,layer_10,12,3.0430221557617188
it_lineage,gemma3_1b_it,gemma3_4b_it,layer_10,13,3.010891914367676
it_lineage,gemma3_1b_it,gemma3_4b_it,layer_10,14,2.960679769515991
it_lineage,gemma3_1b_it,gemma3_4b_it,layer_10,15,2.899415969848633
it_lineage,gemma3_1b_it,gemma3_4b_it,layer_10,16,2.8741466999053955
it_lineage,gemma3_1b_it,gemma3_4b_it,layer_12,1,101.7008285522461
it_lineage,gemma3_1b_it,gemma3_4b_it,layer_12,2,4.876762866973877
it_lineage,gemma3_1b_it,gemma3_4b_it,layer_12,3,4.731956481933594
it_lineage,gemma3_1b_it,gemma3_4b_it,layer_12,4,4.478822708129883
it_lineage,gemma3_1b_it,gemma3_4b_it,layer_12,5,4.208502292633057
it_lineage,gemma3_1b_it,gemma3_4b_it,layer_12,6,3.8992373943328857
it_lineage,gemma3_1b_it,gemma3_4b_it,layer_12,7,3.798651695251465
it_lineage,gemma3_1b_it,gemma3_4b_it,layer_12,8,3.76615047454834
it_lineage,gemma3_1b_it,gemma3_4b_it,layer_12,9,3.623530864715576
it_lineage,gemma3_1b_it,gemma3_4b_it,layer_12,10,3.514859437942505
it_lineage,gemma3_1b_it,gemma3_4b_it,layer_12,11,3.460428237915039
it_lineage,gemma3_1b_it,gemma3_4b_it,layer_12,12,3.4042158126831055
it_lineage,gemma3_1b_it,gemma3_4b_it,layer_12,13,3.3938779830932617
it_lineage,gemma3_1b_it,gemma3_4b_it,layer_12,14,3.311774730682373
it_lineage,gemma3_1b_it,gemma3_4b_it,layer_12,15,3.2529239654541016
it_lineage,gemma3_1b_it,gemma3_4b_it,layer_12,16,3.227766513824463
pt_lineage,gemma2_2b,gemma3_1b_pt,layer_0,1,0.8199203610420227
pt_lineage,gemma2_2b,gemma3_1b_pt,layer_0,2,0.7967747449874878
pt_lineage,gemma2_2b,gemma3_1b_pt,layer_0,3,0.7608768939971924
pt_lineage,gemma2_2b,gemma3_1b_pt,layer_0,4,0.7580947875976562
pt_lineage,gemma2_2b,gemma3_1b_pt,layer_0,5,0.7400048971176147
pt_lineage,gemma2_2b,gemma3_1b_pt,layer_0,6,0.7362067103385925
pt_lineage,gemma2_2b,gemma3_1b_pt,layer_0,7,0.7289556264877319
pt_lineage,gemma2_2b,gemma3_1b_pt,layer_0,8,0.7173205614089966
pt_lineage,gemma2_2b,gemma3_1b_pt,layer_0,9,0.711688756942749
pt_lineage,gemma2_2b,gemma3_1b_pt,layer_0,10,0.7095164656639099
pt_lineage,gemma2_2b,gemma3_1b_pt,layer_0,11,0.6977304816246033
pt_lineage,gemma2_2b,gemma3_1b_pt,layer_0,12,0.6874825954437256
pt_lineage,gemma2_2b,gemma3_1b_pt,layer_0,13,0.6778749823570251
pt_lineage,gemma2_2b,gemma3_1b_pt,layer_0,14,0.6765877604484558
pt_lineage,gemma2_2b,gemma3_1b_pt,layer_0,15,0.6703234910964966
pt_lineage,gemma2_2b,gemma3_1b_pt,layer_0,16,0.6559948325157166
pt_lineage,gemma2_2b,gemma3_1b_pt,layer_2,1,18.55354118347168
pt_lineage,gemma2_2b,gemma3_1b_pt,layer_2,2,11.089775085449219
pt_lineage,gemma2_2b,gemma3_1b_pt,layer_2,3,10.453600883483887
pt_lineage,gemma2_2b,gemma3_1b_pt,layer_2,4,10.080668449401855
pt_lineage,gemma2_2b,gemma3_1b_pt,layer_2,5,9.525925636291504
pt_lineage,gemma2_2b,gemma3_1b_pt,layer_2,6,9.285445213317871
pt_lineage,gemma2_2b,gemma3_1b_pt,layer_2,7,9.102170944213867
pt_lineage,gemma2_2b,gemma3_1b_pt,layer_2,8,8.697600364685059
pt_lineage,gemma2_2b,gemma3_1b_pt,layer_2,9,8.501158714294434
pt_lineage,gemma2_2b,gemma3_1b_pt,layer_2,10,8.294556617736816
pt_lineage,gemma2_2b,gemma3_1b_pt,layer_2,11,7.997873306274414
pt_lineage,gemma2_2b,gemma3_1b_pt,layer_2,12,7.914766788482666
pt_lineage,gemma2_2b,gemma3_1b_pt,layer_2,13,7.627233982086182
pt_lineage,gemma2_2b,gemma3_1b_pt,layer_2,14,7.499894618988037
pt_lineage,gemma2_2b,gemma3_1b_pt,layer_2,15,7.1938605308532715
pt_lineage,gemma2_2b,gemma3_1b_pt,layer_2,16,7.160505294799805
pt_lineage,gemma2_2b,gemma3_1b_pt,layer_4,1,23.169404983520508
pt_lineage,gemma2_2b,gemma3_1b_pt,layer_4,2,19.717206954956055
pt_lineage,gemma2_2b,gemma3_1b_pt,layer_4,3,13.394980430603027
pt_lineage,gemma2_2b,gemma3_1b_pt,layer_4,4,10.947405815124512
pt_lineage,gemma2_2b,gemma3_1b_pt,layer_4,5,10.802413940429688
pt_lineage,gemma2_2b,gemma3_1b_pt,layer_4,6,10.524218559265137
pt_lineage,gemma2_2b,gemma3_1b_pt,layer_4,7,10.238037109375
pt_lineage,gemma2_2b,gemma3_1b_pt,layer_4,8,10.069438934326172
pt_lineage,gemma2_2b,gemma3_1b_pt,layer_4,9,9.747017860412598
pt_lineage,gemma2_2b,gemma3_1b_pt,layer_4,10,9.681909561157227
pt_lineage,gemma2_2b,gemma3_1b_pt,layer_4,11,9.160955429077148
pt_lineage,gemma2_2b,gemma3_1b_pt,layer_4,12,9.090914726257324
pt_lineage,gemma2_2b,gemma3_1b_pt,layer_4,13,8.838871955871582
pt_lineage,gemma2_2b,gemma3_1b_pt,layer_4,14,8.666437149047852
pt_lineage,gemma2_2b,gemma3_1b_pt,layer_4,15,8.457216262817383
pt_lineage,gemma2_2b,gemma3_1b_pt,layer_4,16,8.287881851196289
pt_lineage,gemma2_2b,gemma3_1b_pt,layer_6,1,53.40665817260742
pt_lineage,gemma2_2b,gemma3_1b_pt,layer_6,2,20.655437469482422
pt_lineage,gemma2_2b,gemma3_1b_pt,layer_6,3,17.75135040283203
pt_lineage,gemma2_2b,gemma3_1b_pt,layer_6,4,13.357916831970215
pt_lineage,gemma2_2b,gemma3_1b_pt,layer_6,5,12.120162010192871
pt_lineage,gemma2_2b,gemma3_1b_pt,layer_6,6,11.672118186950684
pt_lineage,gemma2_2b,gemma3_1b_pt,layer_6,7,11.446114540100098
pt_lineage,gemma2_2b,gemma3_1b_pt,layer_6,8,11.241840362548828
pt_lineage,gemma2_2b,gemma3_1b_pt,layer_6,9,10.920851707458496
pt_lineage,gemma2_2b,gemma3_1b_pt,layer_6,10,10.791370391845703
pt_lineage,gemma2_2b,gemma3_1b_pt,layer_6,11,10.468196868896484
pt_lineage,gemma2_2b,gemma3_1b_pt,layer_6,12,10.277678489685059
pt_lineage,gemma2_2b,gemma3_1b_pt,layer_6,13,9.935784339904785
pt_lineage,gemma2_2b,gemma3_1b_pt,layer_6,14,9.899815559387207
pt_lineage,gemma2_2b,gemma3_1b_pt,layer_6,15,9.886016845703125
pt_lineage,gemma2_2b,gemma3_1b_pt,layer_6,16,9.610416412353516
pt_lineage,gemma2_2b,gemma3_1b_pt,layer_8,1,96.75309753417969
pt_lineage,gemma2_2b,gemma3_1b_pt,layer_8,2,24.985851287841797
pt_lineage,gemma2_2b,gemma3_1b_pt,layer_8,3,17.306482315063477
pt_lineage,gemma2_2b,gemma3_1b_pt,layer_8,4,14.998035430908203
pt_lineage,gemma2_2b,gemma3_1b_pt,layer_8,5,13.28815746307373
pt_lineage,gemma2_2b,gemma3_1b_pt,layer_8,6,13.03630256652832
pt_lineage,gemma2_2b,gemma3_1b_pt,layer_8,7,12.35272216796875
pt_lineage,gemma2_2b,gemma3_1b_pt,layer_8,8,12.316309928894043
pt_lineage,gemma2_2b,gemma3_1b_pt,layer_8,9,12.015844345092773
pt_lineage,gemma2_2b,gemma3_1b_pt,layer_8,10,11.654215812683105
pt_lineage,gemma2_2b,gemma3_1b_pt,layer_8,11,11.543421745300293
pt_lineage,gemma2_2b,gemma3_1b_pt,layer_8,12,11.106606483459473
pt_lineage,gemma2_2b,gemma3_1b_pt,layer_8,13,10.943511962890625
pt_lineage,gemma2_2b,gemma3_1b_pt,layer_8,14,10.800732612609863
pt_lineage,gemma2_2b,gemma3_1b_pt,layer_8,15,10.707322120666504
pt_lineage,gemma2_2b,gemma3_1b_pt,layer_8,16,10.511425971984863
pt_lineage,gemma2_2b,gemma3_1b_pt,layer_10,1,115.94159698486328
pt_lineage,gemma2_2b,gemma3_1b_pt,layer_10,2,29.102216720581055
pt_lineage,gemma2_2b,gemma3_1b_pt,layer_10,3,19.85492515563965
pt_lineage,gemma2_2b,gemma3_1b_pt,layer_10,4,18.23841667175293
pt_lineage,gemma2_2b,gemma3_1b_pt,layer_10,5,17.00868797302246
pt_lineage,gemma2_2b,gemma3_1b_pt,layer_10,6,16.040834426879883
pt_lineage,gemma2_2b,gemma3_1b_pt,layer_10,7,15.383528709411621
pt_lineage,gemma2_2b,gemma3_1b_pt,layer_10,8,14.9258394241333
pt_lineage,gemma2_2b,gemma3_1b_pt,layer_10,9,14.04870319366455
pt_lineage,gemma2_2b,gemma3_1b_pt,layer_10,10,13.799593925476074
pt_lineage,gemma2_2b,gemma3_1b_pt,layer_10,11,13.389632225036621
pt_lineage,gemma2_2b,gemma3_1b_pt,layer_10,12,13.2067289352417
pt_lineage,gemma2_2b,gemma3_1b_pt,layer_10,13,13.038844108581543
pt_lineage,gemma2_2b,gemma3_1b_pt,layer_10,14,12.665562629699707
pt_lineage,gemma2_2b,gemma3_1b_pt,layer_10,15,12.601964950561523
pt_lineage,gemma2_2b,gemma3_1b_pt,layer_10,16,12.424005508422852
pt_lineage,gemma2_2b,gemma3_1b_pt,layer_12,1,137.74270629882812
pt_lineage,gemma2_2b,gemma3_1b_pt,layer_12,2,37.18168258666992
pt_lineage,gemma2_2b,gemma3_1b_pt,layer_12,3,30.0477294921875
pt_lineage,gemma2_2b,gemma3_1b_pt,layer_12,4,27.845260620117188
pt_lineage,gemma2_2b,gemma3_1b_pt,layer_12,5,26.735366821289062
pt_lineage,gemma2_2b,gemma3_1b_pt,layer_12,6,25.113353729248047
pt_lineage,gemma2_2b,gemma3_1b_pt,layer_12,7,24.471721649169922
pt_lineage,gemma2_2b,gemma3_1b_pt,layer_12,8,22.95285987854004
pt_lineage,gemma2_2b,gemma3_1b_pt,layer_12,9,21.81209373474121
pt_lineage,gemma2_2b,gemma3_1b_pt,layer_12,10,20.930709838867188
pt_lineage,gemma2_2b,gemma3_1b_pt,layer_12,11,20.373546600341797
pt_lineage,gemma2_2b,gemma3_1b_pt,layer_12,12,19.28148651123047
pt_lineage,gemma2_2b,gemma3_1b_pt,layer_12,13,19.1438045501709
pt_lineage,gemma2_2b,gemma3_1b_pt,layer_12,14,18.541847229003906
pt_lineage,gemma2_2b,gemma3_1b_pt,layer_12,15,18.035215377807617
pt_lineage,gemma2_2b,gemma3_1b_pt,layer_12,16,17.69851303100586
pt_lineage,gemma3_1b_pt,gemma3_4b_pt,layer_0,1,1.1471788883209229
pt_lineage,gemma3_1b_pt,gemma3_4b_pt,layer_0,2,1.085376262664795
pt_lineage,gemma3_1b_pt,gemma3_4b_pt,layer_0,3,1.0843490362167358
pt_lineage,gemma3_1b_pt,gemma3_4b_pt,layer_0,4,1.0514616966247559
pt_lineage,gemma3_1b_pt,gemma3_4b_pt,layer_0,5,1.035643219947815
pt_lineage,gemma3_1b_pt,gemma3_4b_pt,layer_0,6,1.0199559926986694
pt_lineage,gemma3_1b_pt,gemma3_4b_pt,layer_0,7,1.0149500370025635
pt_lineage,gemma3_1b_pt,gemma3_4b_pt,layer_0,8,1.0055543184280396
pt_lineage,gemma3_1b_pt,gemma3_4b_pt,layer_0,9,1.0003641843795776
pt_lineage,gemma3_1b_pt,gemma3_4b_pt,layer_0,10,0.9868642091751099
pt_lineage,gemma3_1b_pt,gemma3_4b_pt,layer_0,11,0.9727632999420166
pt_lineage,gemma3_1b_pt,gemma3_4b_pt,layer_0,12,0.9699268341064453
pt_lineage,gemma3_1b_pt,gemma3_4b_pt,layer_0,13,0.9630529284477234
pt_lineage,gemma3_1b_pt,gemma3_4b_pt,layer_0,14,0.9533965587615967
pt_lineage,gemma3_1b_pt,gemma3_4b_pt,layer_0,15,0.9365832209587097
pt_lineage,gemma3_1b_pt,gemma3_4b_pt,layer_0,16,0.9349274635314941
pt_lineage,gemma3_1b_pt,gemma3_4b_pt,layer_2,1,12.77319622039795
pt_lineage,gemma3_1b_pt,gemma3_4b_pt,layer_2,2,5.251157760620117
pt_lineage,gemma3_1b_pt,gemma3_4b_pt,layer_2,3,4.903909206390381
pt_lineage,gemma3_1b_pt,gemma3_4b_pt,layer_2,4,4.621963977813721
pt_lineage,gemma3_1b_pt,gemma3_4b_pt,layer_2,5,4.137950420379639
pt_lineage,gemma3_1b_pt,gemma3_4b_pt,layer_2,6,4.060224533081055
pt_lineage,gemma3_1b_pt,gemma3_4b_pt,layer_2,7,3.810452461242676
pt_lineage,gemma3_1b_pt,gemma3_4b_pt,layer_2,8,3.733565092086792
pt_lineage,gemma3_1b_pt,gemma3_4b_pt,layer_2,9,3.5043466091156006
pt_lineage,gemma3_1b_pt,gemma3_4b_pt,layer_2,10,3.4298853874206543
pt_lineage,gemma3_1b_pt,gemma3_4b_pt,layer_2,11,3.3106184005737305
pt_lineage,gemma3_1b_pt,gemma3_4b_pt,layer_2,12,3.1936545372009277
pt_lineage,gemma3_1b_pt,gemma3_4b_pt,layer_2,13,3.1469085216522217
pt_lineage,gemma3_1b_pt,gemma3_4b_pt,layer_2,14,3.141967535018921
pt_lineage,gemma3_1b_pt,gemma3_4b_pt,layer_2,15,2.9947094917297363
pt_lineage,gemma3_1b_pt,gemma3_4b_pt,layer_2,16,2.9465794563293457
pt_lineage,gemma3_1b_pt,gemma3_4b_pt,layer_4,1,20.730342864990234
pt_lineage,gemma3_1b_pt,gemma3_4b_pt,layer_4,2,5.322133541107178
pt_lineage,gemma3_1b_pt,gemma3_4b_pt,layer_4,3,4.922495365142822
pt_lineage,gemma3_1b_pt,gemma3_4b_pt,layer_4,4,4.715470314025879
pt_lineage,gemma3_1b_pt,gemma3_4b_pt,layer_4,5,4.543417453765869
pt_lineage,gemma3_1b_pt,gemma3_4b_pt,layer_4,6,4.411217212677002
pt_lineage,gemma3_1b_pt,gemma3_4b_pt,layer_4,7,4.278537273406982
pt_lineage,gemma3_1b_pt,gemma3_4b_pt,layer_4,8,3.9566235542297363
pt_lineage,gemma3_1b_pt,gemma3_4b_pt,layer_4,9,3.9409537315368652
pt_lineage,gemma3_1b_pt,gemma3_4b_pt,layer_4,10,3.873002529144287
pt_lineage,gemma3_1b_pt,gemma3_4b_pt,layer_4,11,3.7078804969787598
pt_lineage,gemma3_1b_pt,gemma3_4b_pt,layer_4,12,3.614645004272461
pt_lineage,gemma3_1b_pt,gemma3_4b_pt,layer_4,13,3.5630385875701904
pt_lineage,gemma3_1b_pt,gemma3_4b_pt,layer_4,14,3.429346799850464
pt_lineage,gemma3_1b_pt,gemma3_4b_pt,layer_4,15,3.3159542083740234
pt_lineage,gemma3_1b_pt,gemma3_4b_pt,layer_4,16,3.268962860107422
pt_lineage,gemma3_1b_pt,gemma3_4b_pt,layer_6,1,49.064022064208984
pt_lineage,gemma3_1b_pt,gemma3_4b_pt,layer_6,2,4.596073627471924
pt_lineage,gemma3_1b_pt,gemma3_4b_pt,layer_6,3,4.495757579803467
pt_lineage,gemma3_1b_pt,gemma3_4b_pt,layer_6,4,4.3556694984436035
pt_lineage,gemma3_1b_pt,gemma3_4b_pt,layer_6,5,3.8884243965148926
pt_lineage,gemma3_1b_pt,gemma3_4b_pt,layer_6,6,3.873366355895996
pt_lineage,gemma3_1b_pt,gemma3_4b_pt,layer_6,7,3.8137965202331543
pt_lineage,gemma3_1b_pt,gemma3_4b_pt,layer_6,8,3.6518054008483887
pt_lineage,gemma3_1b_pt,gemma3_4b_pt,layer_6,9,3.5812580585479736
pt_lineage,gemma3_1b_pt,gemma3_4b_pt,layer_6,10,3.477140426635742
pt_lineage,gemma3_1b_pt,gemma3_4b_pt,layer_6,11,3.4283974170684814
pt_lineage,gemma3_1b_pt,gemma3_4b_pt,layer_6,12,3.396000623703003
pt_lineage,gemma3_1b_pt,gemma3_4b_pt,layer_6,13,3.3515961170196533
pt_lineage,gemma3_1b_pt,gemma3_4b_pt,layer_6,14,3.1776092052459717
pt_lineage,gemma3_1b_pt,gemma3_4b_pt,layer_6,15,3.107485294342041
pt_lineage,gemma3_1b_pt,gemma3_4b_pt,layer_6,16,3.093312978744507
pt_lineage,gemma3_1b_pt,gemma3_4b_pt,layer_8,1,52.938148498535156
pt_lineage,gemma3_1b_pt,gemma3_4b_pt,layer_8,2,6.113831996917725
pt_lineage,gemma3_1b_pt,gemma3_4b_pt,layer_8,3,4.931417465209961
pt_lineage,gemma3_1b_pt,gemma3_4b_pt,layer_8,4,4.778019428253174
pt_lineage,gemma3_1b_pt,gemma3_4b_pt,layer_8,5,4.256208896636963
pt_lineage,gemma3_1b_pt,gemma3_4b_pt,layer_8,6,4.185924053192139
pt_lineage,gemma3_1b_pt,gemma3_4b_pt,layer_8,7,4.032853603363037
pt_lineage,gemma3_1b_pt,gemma3_4b_pt,layer_8,8,3.9173684120178223
pt_lineage,gemma3_1b_pt,gemma3_4b_pt,layer_8,9,3.868009090423584
pt_lineage,gemma3_1b_pt,gemma3_4b_pt,layer_8,10,3.684690475463867
pt_lineage,gemma3_1b_pt,gemma3_4b_pt,layer_8,11,3.5458812713623047
pt_lineage,gemma3_1b_pt,gemma3_4b_pt,layer_8,12,3.499600648880005
pt_lineage,gemma3_1b_pt,gemma3_4b_pt,layer_8,13,3.386946201324463
pt_lineage,gemma3_1b_pt,gemma3_4b_pt,layer_8,14,3.3795673847198486
pt_lineage,gemma3_1b_pt,gemma3_4b_pt,layer_8,15,3.3541579246520996
pt_lineage,gemma3_1b_pt,gemma3_4b_pt,layer_8,16,3.323911428451538
pt_lineage,gemma3_1b_pt,gemma3_4b_pt,layer_10,1,61.27016067504883
pt_lineage,gemma3_1b_pt,gemma3_4b_pt,layer_10,2,4.470094680786133
pt_lineage,gemma3_1b_pt,gemma3_4b_pt,layer_10,3,3.948451042175293
pt_lineage,gemma3_1b_pt,gemma3_4b_pt,layer_10,4,3.643500328063965
pt_lineage,gemma3_1b_pt,gemma3_4b_pt,layer_10,5,3.4610066413879395
pt_lineage,gemma3_1b_pt,gemma3_4b_pt,layer_10,6,3.391590118408203
pt_lineage,gemma3_1b_pt,gemma3_4b_pt,layer_10,7,3.2439467906951904
pt_lineage,gemma3_1b_pt,gemma3_4b_pt,layer_10,8,3.173218011856079
pt_lineage,gemma3_1b_pt,gemma3_4b_pt,layer_10,9,3.133188009262085
pt_lineage,gemma3_1b_pt,gemma3_4b_pt,layer_10,10,3.084998369216919
pt_lineage,gemma3_1b_pt,gemma3_4b_pt,layer_10,11,2.9698989391326904
pt_lineage,gemma3_1b_pt,gemma3_4b_pt,layer_10,12,2.9149482250213623
pt_lineage,gemma3_1b_pt,gemma3_4b_pt,layer_10,13,2.881621837615967
pt_lineage,gemma3_1b_pt,gemma3_4b_pt,layer_10,14,2.8448596000671387
pt_lineage,gemma3_1b_pt,gemma3_4b_pt,layer_10,15,2.7827916145324707
pt_lineage,gemma3_1b_pt,gemma3_4b_pt,layer_10,16,2.7311058044433594
pt_lineage,gemma3_1b_pt,gemma3_4b_pt,layer_12,1,74.07427215576172
pt_lineage,gemma3_1b_pt,gemma3_4b_pt,layer_12,2,4.438830375671387
pt_lineage,gemma3_1b_pt,gemma3_4b_pt,layer_12,3,4.138190269470215
pt_lineage,gemma3_1b_pt,gemma3_4b_pt,layer_12,4,3.783940076828003
pt_lineage,gemma3_1b_pt,gemma3_4b_pt,layer_12,5,3.518648386001587
pt_lineage,gemma3_1b_pt,gemma3_4b_pt,layer_12,6,3.471343755722046
pt_lineage,gemma3_1b_pt,gemma3_4b_pt,layer_12,7,3.2885947227478027
pt_lineage,gemma3_1b_pt,gemma3_4b_pt,layer_12,8,3.1722750663757324
pt_lineage,gemma3_1b_pt,gemma3_4b_pt,layer_12,9,3.0534000396728516
pt_lineage,gemma3_1b_pt,gemma3_4b_pt,layer_12,10,3.0148539543151855
pt_lineage,gemma3_1b_pt,gemma3_4b_pt,layer_12,11,2.899883508682251
pt_lineage,gemma3_1b_pt,gemma3_4b_pt,layer_12,12,2.8801493644714355
pt_lineage,gemma3_1b_pt,gemma3_4b_pt,layer_12,13,2.8404629230499268
pt_lineage,gemma3_1b_pt,gemma3_4b_pt,layer_12,14,2.814378499984741
pt_lineage,gemma3_1b_pt,gemma3_4b_pt,layer_12,15,2.676316499710083
pt_lineage,gemma3_1b_pt,gemma3_4b_pt,layer_12,16,2.5835554599761963
tune_shift,gemma2_2b,gemma2_2b_it,layer_0,1,1.0030244588851929
tune_shift,gemma2_2b,gemma2_2b_it,layer_0,2,1.0010833740234375
tune_shift,gemma2_2b,gemma2_2b_it,layer_0,3,1.0003080368041992
tune_shift,gemma2_2b,gemma2_2b_it,layer_0,4,0.9990159273147583
tune_shift,gemma2_2b,gemma2_2b_it,layer_0,5,0.9985677003860474
tune_shift,gemma2_2b,gemma2_2b_it,layer_0,6,0.9982428550720215
tune_shift,gemma2_2b,gemma2_2b_it,layer_0,7,0.9980940222740173
tune_shift,gemma2_2b,gemma2_2b_it,layer_0,8,0.9977490901947021
tune_shift,gemma2_2b,gemma2_2b_it,layer_0,9,0.9972975254058838
tune_shift,gemma2_2b,gemma2_2b_it,layer_0,10,0.9971467852592468
tune_shift,gemma2_2b,gemma2_2b_it,layer_0,11,0.9965804219245911
tune_shift,gemma2_2b,gemma2_2b_it,layer_0,12,0.9959537982940674
tune_shift,gemma2_2b,gemma2_2b_it,layer_0,13,0.9957123398780823
tune_shift,gemma2_2b,gemma2_2b_it,layer_0,14,0.9955780506134033
tune_shift,gemma2_2b,gemma2_2b_it,layer_0,15,0.9951651692390442
tune_shift,gemma2_2b,gemma2_2b_it,layer_0,16,0.9947393536567688
tune_shift,gemma2_2b,gemma2_2b_it,layer_2,1,1.9215610027313232
tune_shift,gemma2_2b,gemma2_2b_it,layer_2,2,1.7588635683059692
tune_shift,gemma2_2b,gemma2_2b_it,layer_2,3,1.5230789184570312
tune_shift,gemma2_2b,gemma2_2b_it,layer_2,4,1.5067554712295532
tune_shift,gemma2_2b,gemma2_2b_it,layer_2,5,1.4469727277755737
tune_shift,gemma2_2b,gemma2_2b_it,layer_2,6,1.4268834590911865
tune_shift,gemma2_2b,gemma2_2b_it,layer_2,7,1.4057306051254272
tune_shift,gemma2_2b,gemma2_2b_it,layer_2,8,1.3799738883972168
tune_shift,gemma2_2b,gemma2_2b_it,layer_2,9,1.3277667760849
tune_shift,gemma2_2b,gemma2_2b_it,layer_2,10,1.3022805452346802
tune_shift,gemma2_2b,gemma2_2b_it,layer_2,11,1.2869545221328735
tune_shift,gemma2_2b,gemma2_2b_it,layer_2,12,1.2722063064575195
tune_shift,gemma2_2b,gemma2_2b_it,layer_2,13,1.2641714811325073
tune_shift,gemma2_2b,gemma2_2b_it,layer_2,14,1.247445821762085
tune_shift,gemma2_2b,gemma2_2b_it,layer_2,15,1.2333813905715942
tune_shift,gemma2_2b,gemma2_2b_it,layer_2,16,1.2293356657028198
tune_shift,gemma2_2b,gemma2_2b_it,layer_4,1,1.990578293800354
tune_shift,gemma2_2b,gemma2_2b_it,layer_4,2,1.8938294649124146
tune_shift,gemma2_2b,gemma2_2b_it,layer_4,3,1.5949934720993042
tune_shift,gemma2_2b,gemma2_2b_it,layer_4,4,1.4907045364379883
tune_shift,gemma2_2b,gemma2_2b_it,layer_4,5,1.453336238861084
tune_shift,gemma2_2b,gemma2_2b_it,layer_4,6,1.418702244758606
tune_shift,gemma2_2b,gemma2_2b_it,layer_4,7,1.4013689756393433
tune_shift,gemma2_2b,gemma2_2b_it,layer_4,8,1.3869112730026245
tune_shift,gemma2_2b,gemma2_2b_it,layer_4,9,1.3758046627044678
tune_shift,gemma2_2b,gemma2_2b_it,layer_4,10,1.3505367040634155
tune_shift,gemma2_2b,gemma2_2b_it,layer_4,11,1.316127896308899
tune_shift,gemma2_2b,gemma2_2b_it,layer_4,12,1.3049323558807373
tune_shift,gemma2_2b,gemma2_2b_it,layer_4,13,1.2928704023361206
tune_shift,gemma2_2b,gemma2_2b_it,layer_4,14,1.2864556312561035
tune_shift,gemma2_2b,gemma2_2b_it,layer_4,15,1.2662827968597412
tune_shift,gemma2_2b,gemma2_2b_it,layer_4,16,1.262559175491333
tune_shift,gemma2_2b,gemma2_2b_it,layer_6,1,2.2910208702087402
tune_shift,gemma2_2b,gemma2_2b_it,layer_6,2,1.9568649530410767
tune_shift,gemma2_2b,gemma2_2b_it,layer_6,3,1.8435131311416626
tune_shift,gemma2_2b,gemma2_2b_it,layer_6,4,1.6985365152359009
tune_shift,gemma2_2b,gemma2_2b_it,layer_6,5,1.6770939826965332
tune_shift,gemma2_2b,gemma2_2b_it,layer_6,6,1.5737969875335693
tune_shift,gemma2_2b,gemma2_2b_it,layer_6,7,1.5479085445404053
tune_shift,gemma2_2b,gemma2_2b_it,layer_6,8,1.5301814079284668
tune_shift,gemma2_2b,gemma2_2b_it,layer_6,9,1.5159438848495483
tune_shift,gemma2_2b,gemma2_2b_it,layer_6,10,1.4924802780151367
tune_shift,gemma2_2b,gemma2_2b_it,layer_6,11,1.4869226217269897
tune_shift,gemma2_2b,gemma2_2b_it,layer_6,12,1.4818897247314453
tune_shift,gemma2_2b,gemma2_2b_it,layer_6,13,1.4632189273834229
tune_shift,gemma2_2b,gemma2_2b_it,layer_6,14,1.444947361946106
tune_shift,gemma2_2b,gemma2_2b_it,layer_6,15,1.428932547569275
tune_shift,gemma2_2b,gemma2_2b_it,layer_6,16,1.4163137674331665
tune_shift,gemma2_2b,gemma2_2b_it,layer_8,1,2.916205644607544
tune_shift,gemma2_2b,gemma2_2b_it,layer_8,2,2.516852378845215
tune_shift,gemma2_2b,gemma2_2b_it,layer_8,3,2.3734450340270996
tune_shift,gemma2_2b,gemma2_2b_it,layer_8,4,2.081308603286743
tune_shift,gemma2_2b,gemma2_2b_it,layer_8,5,1.9092527627944946
tune_shift,gemma2_2b,gemma2_2b_it,layer_8,6,1.8963309526443481
tune_shift,gemma2_2b,gemma2_2b_it,layer_8,7,1.8425419330596924
tune_shift,gemma2_2b,gemma2_2b_it,layer_8,8,1.8121739625930786
tune_shift,gemma2_2b,gemma2_2b_it,layer_8,9,1.7837567329406738
tune_shift,gemma2_2b,gemma2_2b_it,layer_8,10,1.7347232103347778
tune_shift,gemma2_2b,gemma2_2b_it,layer_8,11,1.7152364253997803
tune_shift,gemma2_2b,gemma2_2b_it,layer_8,12,1.7022345066070557
tune_shift,gemma2_2b,gemma2_2b_it,layer_8,13,1.6905758380889893
tune_shift,gemma2_2b,gemma2_2b_it,layer_8,14,1.6533665657043457
tune_shift,gemma2_2b,gemma2_2b_it,layer_8,15,1.6465405225753784
tune_shift,gemma2_2b,gemma2_2b_it,layer_8,16,1.622955322265625
tune_shift,gemma2_2b,gemma2_2b_it,layer_10,1,3.7806155681610107
tune_shift,gemma2_2b,gemma2_2b_it,layer_10,2,2.6258456707000732
tune_shift,gemma2_2b,gemma2_2b_it,layer_10,3,2.5071206092834473
tune_shift,gemma2_2b,gemma2_2b_it,layer_10,4,2.2246577739715576
tune_shift,gemma2_2b,gemma2_2b_it,layer_10,5,2.1538164615631104
tune_shift,gemma2_2b,gemma2_2b_it,layer_10,6,2.1331472396850586
tune_shift,gemma2_2b,gemma2_2b_it,layer_10,7,2.02300763130188
tune_shift,gemma2_2b,gemma2_2b_it,layer_10,8,1.9977251291275024
tune_shift,gemma2_2b,gemma2_2b_it,layer_10,9,1.9716463088989258
tune_shift,gemma2_2b,gemma2_2b_it,layer_10,10,1.9073851108551025
tune_shift,gemma2_2b,gemma2_2b_it,layer_10,11,1.8940954208374023
tune_shift,gemma2_2b,gemma2_2b_it,layer_10,12,1.874943494796753
tune_shift,gemma2_2b,gemma2_2b_it,layer_10,13,1.8509546518325806
tune_shift,gemma2_2b,gemma2_2b_it,layer_10,14,1.8251222372055054
tune_shift,gemma2_2b,gemma2_2b_it,layer_10,15,1.7762172222137451
tune_shift,gemma2_2b,gemma2_2b_it,layer_10,16,1.759434461593628
tune_shift,gemma2_2b,gemma2_2b_it,layer_12,1,4.641717433929443
tune_shift,gemma2_2b,gemma2_2b_it,layer_12,2,3.3294410705566406
tune_shift,gemma2_2b,gemma2_2b_it,layer_12,3,2.742452383041382
tune_shift,gemma2_2b,gemma2_2b_it,layer_12,4,2.6775527000427246
tune_shift,gemma2_2b,gemma2_2b_it,layer_12,5,2.5773472785949707
tune_shift,gemma2_2b,gemma2_2b_it,layer_12,6,2.370400905609131
tune_shift,gemma2_2b,gemma2_2b_it,layer_12,7,2.3398492336273193
tune_shift,gemma2_2b,gemma2_2b_it,layer_12,8,2.230085849761963
tune_shift,gemma2_2b,gemma2_2b_it,layer_12,9,2.2148873805999756
tune_shift,gemma2_2b,gemma2_2b_it,layer_12,10,2.168023109436035
tune_shift,gemma2_2b,gemma2_2b_it,layer_12,11,2.132197618484497
tune_shift,gemma2_2b,gemma2_2b_it,layer_12,12,2.1233699321746826
tune_shift,gemma2_2b,gemma2_2b_it,layer_12,13,2.0988831520080566
tune_shift,gemma2_2b,gemma2_2b_it,layer_12,14,2.0491750240325928
tune_shift,gemma2_2b,gemma2_2b_it,layer_12,15,2.022138833999634
tune_shift,gemma2_2b,gemma2_2b_it,layer_12,16,2.0142359733581543
tune_shift,gemma3_1b_pt,gemma3_1b_it,layer_0,1,1.1599191427230835
tune_shift,gemma3_1b_pt,gemma3_1b_it,layer_0,2,1.1026984453201294
tune_shift,gemma3_1b_pt,gemma3_1b_it,layer_0,3,1.0746866464614868
tune_shift,gemma3_1b_pt,gemma3_1b_it,layer_0,4,1.0439695119857788
tune_shift,gemma3_1b_pt,gemma3_1b_it,layer_0,5,1.041320562362671
tune_shift,gemma3_1b_pt,gemma3_1b_it,layer_0,6,1.0324846506118774
tune_shift,gemma3_1b_pt,gemma3_1b_it,layer_0,7,1.0174832344055176
tune_shift,gemma3_1b_pt,gemma3_1b_it,layer_0,8,1.0133930444717407
tune_shift,gemma3_1b_pt,gemma3_1b_it,layer_0,9,0.9937678575515747
tune_shift,gemma3_1b_pt,gemma3_1b_it,layer_0,10,0.980403482913971
tune_shift,gemma3_1b_pt,gemma3_1b_it,layer_0,11,0.9790850281715393
tune_shift,gemma3_1b_pt,gemma3_1b_it,layer_0,12,0.9658097624778748
tune_shift,gemma3_1b_pt,gemma3_1b_it,layer_0,13,0.9647837281227112
tune_shift,gemma3_1b_pt,gemma3_1b_it,layer_0,14,0.9564986228942871
tune_shift,gemma3_1b_pt,gemma3_1b_it,layer_0,15,0.9503588080406189
tune_shift,gemma3_1b_pt,gemma3_1b_it,layer_0,16,0.9375793933868408
tune_shift,gemma3_1b_pt,gemma3_1b_it,layer_2,1,6.46158504486084
tune_shift,gemma3_1b_pt,gemma3_1b_it,layer_2,2,3.982395648956299
tune_shift,gemma3_1b_pt,gemma3_1b_it,layer_2,3,3.219311475753784
tune_shift,gemma3_1b_pt,gemma3_1b_it,layer_2,4,2.8754723072052
tune_shift,gemma3_1b_pt,gemma3_1b_it,layer_2,5,2.5169947147369385
tune_shift,gemma3_1b_pt,gemma3_1b_it,layer_2,6,2.4742112159729004
tune_shift,gemma3_1b_pt,gemma3_1b_it,layer_2,7,2.411790370941162
tune_shift,gemma3_1b_pt,gemma3_1b_it,layer_2,8,2.3941001892089844
tune_shift,gemma3_1b_pt,gemma3_1b_it,layer_2,9,2.3163533210754395
tune_shift,gemma3_1b_pt,gemma3_1b_it,layer_2,10,2.219520092010498
tune_shift,gemma3_1b_pt,gemma3_1b_it,layer_2,11,2.1760334968566895
tune_shift,gemma3_1b_pt,gemma3_1b_it,layer_2,12,2.145303249359131
tune_shift,gemma3_1b_pt,gemma3_1b_it,layer_2,13,2.0891506671905518
tune_shift,gemma3_1b_pt,gemma3_1b_it,layer_2,14,2.0773863792419434
tune_shift,gemma3_1b_pt,gemma3_1b_it,layer_2,15,1.9820219278335571
tune_shift,gemma3_1b_pt,gemma3_1b_it,layer_2,16,1.9276340007781982
tune_shift,gemma3_1b_pt,gemma3_1b_it,layer_4,1,15.395162582397461
tune_shift,gemma3_1b_pt,gemma3_1b_it,layer_4,2,6.0994038581848145
tune_shift,gemma3_1b_pt,gemma3_1b_it,layer_4,3,3.418097496032715
tune_shift,gemma3_1b_pt,gemma3_1b_it,layer_4,4,3.221416711807251
tune_shift,gemma3_1b_pt,gemma3_1b_it,layer_4,5,3.0568642616271973
tune_shift,gemma3_1b_pt,gemma3_1b_it,layer_4,6,2.996457815170288
tune_shift,gemma3_1b_pt,gemma3_1b_it,layer_4,7,2.8917934894561768
tune_shift,gemma3_1b_pt,gemma3_1b_it,layer_4,8,2.850977659225464
tune_shift,gemma3_1b_pt,gemma3_1b_it,layer_4,9,2.785365104675293
tune_shift,gemma3_1b_pt,gemma3_1b_it,layer_4,10,2.7187821865081787
tune_shift,gemma3_1b_pt,gemma3_1b_it,layer_4,11,2.655128240585327
tune_shift,gemma3_1b_pt,gemma3_1b_it,layer_4,12,2.6242740154266357
tune_shift,gemma3_1b_pt,gemma3_1b_it,layer_4,13,2.5421018600463867
tune_shift,gemma3_1b_pt,gemma3_1b_it,layer_4,14,2.5276987552642822
tune_shift,gemma3_1b_pt,gemma3_1b_it,layer_4,15,2.4226768016815186
tune_shift,gemma3_1b_pt,gemma3_1b_it,layer_4,16,2.3972039222717285
tune_shift,gemma3_1b_pt,gemma3_1b_it,layer_6,1,23.980924606323242
tune_shift,gemma3_1b_pt,gemma3_1b_it,layer_6,2,5.670795917510986
tune_shift,gemma3_1b_pt,gemma3_1b_it,layer_6,3,3.9651100635528564
tune_shift,gemma3_1b_pt,gemma3_1b_it,layer_6,4,3.3659961223602295
tune_shift,gemma3_1b_pt,gemma3_1b_it,layer_6,5,3.354172945022583
tune_shift,gemma3_1b_pt,gemma3_1b_it,layer_6,6,3.1683542728424072
tune_shift,gemma3_1b_pt,gemma3_1b_it,layer_6,7,3.112910032272339
tune_shift,gemma3_1b_pt,gemma3_1b_it,layer_6,8,2.9254040718078613
tune_shift,gemma3_1b_pt,gemma3_1b_it,layer_6,9,2.869215726852417
tune_shift,gemma3_1b_pt,gemma3_1b_it,layer_6,10,2.8316831588745117
tune_shift,gemma3_1b_pt,gemma3_1b_it,layer_6,11,2.741950511932373
tune_shift,gemma3_1b_pt,gemma3_1b_it,layer_6,12,2.7260050773620605
tune_shift,gemma3_1b_pt,gemma3_1b_it,layer_6,13,2.641483783721924
tune_shift,gemma3_1b_pt,gemma3_1b_it,layer_6,14,2.571709394454956
tune_shift,gemma3_1b_pt,gemma3_1b_it,layer_6,15,2.5672969818115234
tune_shift,gemma3_1b_pt,gemma3_1b_it,layer_6,16,2.506389617919922
tune_shift,gemma3_1b_pt,gemma3_1b_it,layer_8,1,29.93644142150879
tune_shift,gemma3_1b_pt,gemma3_1b_it,layer_8,2,4.998910903930664
tune_shift,gemma3_1b_pt,gemma3_1b_it,layer_8,3,3.709235906600952
tune_shift,gemma3_1b_pt,gemma3_1b_it,layer_8,4,3.3549928665161133
tune_shift,gemma3_1b_pt,gemma3_1b_it,layer_8,5,3.199244737625122
tune_shift,gemma3_1b_pt,gemma3_1b_it,layer_8,6,3.066396474838257
tune_shift,gemma3_1b_pt,gemma3_1b_it,layer_8,7,2.948528528213501
tune_shift,gemma3_1b_pt,gemma3_1b_it,layer_8,8,2.920008420944214
tune_shift,gemma3_1b_pt,gemma3_1b_it,layer_8,9,2.8175644874572754
tune_shift,gemma3_1b_pt,gemma3_1b_it,layer_8,10,2.7629666328430176
tune_shift,gemma3_1b_pt,gemma3_1b_it,layer_8,11,2.7147223949432373
tune_shift,gemma3_1b_pt,gemma3_1b_it,layer_8,12,2.6792726516723633
tune_shift,gemma3_1b_pt,gemma3_1b_it,layer_8,13,2.645505905151367
tune_shift,gemma3_1b_pt,gemma3_1b_it,layer_8,14,2.5956335067749023
tune_shift,gemma3_1b_pt,gemma3_1b_it,layer_8,15,2.570089817047119
tune_shift,gemma3_1b_pt,gemma3_1b_it,layer_8,16,2.5092880725860596
tune_shift,gemma3_1b_pt,gemma3_1b_it,layer_10,1,25.465490341186523
tune_shift,gemma3_1b_pt,gemma3_1b_it,layer_10,2,4.955023765563965
tune_shift,gemma3_1b_pt,gemma3_1b_it,layer_10,3,4.080133438110352
tune_shift,gemma3_1b_pt,gemma3_1b_it,layer_10,4,3.7717506885528564
tune_shift,gemma3_1b_pt,gemma3_1b_it,layer_10,5,3.5198440551757812
tune_shift,gemma3_1b_pt,gemma3_1b_it,layer_10,6,3.4707186222076416
tune_shift,gemma3_1b_pt,gemma3_1b_it,layer_10,7,3.4319448471069336
tune_shift,gemma3_1b_pt,gemma3_1b_it,layer_10,8,3.3670716285705566
tune_shift,gemma3_1b_pt,gemma3_1b_it,layer_10,9,3.2949085235595703
tune_shift,gemma3_1b_pt,gemma3_1b_it,layer_10,10,3.191312789916992
tune_shift,gemma3_1b_pt,gemma3_1b_it,layer_10,11,3.1524407863616943
tune_shift,gemma3_1b_pt,gemma3_1b_it,layer_10,12,3.0857129096984863
tune_shift,gemma3_1b_pt,gemma3_1b_it,layer_10,13,3.0199222564697266
tune_shift,gemma3_1b_pt,gemma3_1b_it,layer_10,14,2.9478211402893066
tune_shift,gemma3_1b_pt,gemma3_1b_it,layer_10,15,2.934950590133667
tune_shift,gemma3_1b_pt,gemma3_1b_it,layer_10,16,2.8716373443603516
tune_shift,gemma3_1b_pt,gemma3_1b_it,layer_12,1,25.955432891845703
tune_shift,gemma3_1b_pt,gemma3_1b_it,layer_12,2,4.592228889465332
tune_shift,gemma3_1b_pt,gemma3_1b_it,layer_12,3,4.023116588592529
tune_shift,gemma3_1b_pt,gemma3_1b_it,layer_12,4,3.8874356746673584
tune_shift,gemma3_1b_pt,gemma3_1b_it,layer_12,5,3.484095573425293
tune_shift,gemma3_1b_pt,gemma3_1b_it,layer_12,6,3.406099557876587
tune_shift,gemma3_1b_pt,gemma3_1b_it,layer_12,7,3.3096022605895996
tune_shift,gemma3_1b_pt,gemma3_1b_it,layer_12,8,3.224025249481201
tune_shift,gemma3_1b_pt,gemma3_1b_it,layer_12,9,3.116118907928467
tune_shift,gemma3_1b_pt,gemma3_1b_it,layer_12,10,3.0878589153289795
tune_shift,gemma3_1b_pt,gemma3_1b_it,layer_12,11,3.033299207687378
tune_shift,gemma3_1b_pt,gemma3_1b_it,layer_12,12,2.9571290016174316
tune_shift,gemma3_1b_pt,gemma3_1b_it,layer_12,13,2.884472370147705
tune_shift,gemma3_1b_pt,gemma3_1b_it,layer_12,14,2.861509084701538
tune_shift,gemma3_1b_pt,gemma3_1b_it,layer_12,15,2.8066349029541016
tune_shift,gemma3_1b_pt,gemma3_1b_it,layer_12,16,2.76387357711792
tune_shift,gemma3_4b_pt,gemma3_4b_it,layer_0,1,1.077275037765503
tune_shift,gemma3_4b_pt,gemma3_4b_it,layer_0,2,1.071528434753418
tune_shift,gemma3_4b_pt,gemma3_4b_it,layer_0,3,1.0687066316604614
tune_shift,gemma3_4b_pt,gemma3_4b_it,layer_0,4,1.0677478313446045
tune_shift,gemma3_4b_pt,gemma3_4b_it,layer_0,5,1.0609782934188843
tune_shift,gemma3_4b_pt,gemma3_4b_it,layer_0,6,1.0604246854782104
tune_shift,gemma3_4b_pt,gemma3_4b_it,layer_0,7,1.0561017990112305
tune_shift,gemma3_4b_pt,gemma3_4b_it,layer_0,8,1.0549241304397583
tune_shift,gemma3_4b_pt,gemma3_4b_it,layer_0,9,1.0531659126281738
tune_shift,gemma3_4b_pt,gemma3_4b_it,layer_0,10,1.0514025688171387
tune_shift,gemma3_4b_pt,gemma3_4b_it,layer_0,11,1.0512157678604126
tune_shift,gemma3_4b_pt,gemma3_4b_it,layer_0,12,1.0481691360473633
tune_shift,gemma3_4b_pt,gemma3_4b_it,layer_0,13,1.0452628135681152
tune_shift,gemma3_4b_pt,gemma3_4b_it,layer_0,14,1.0441337823867798
tune_shift,gemma3_4b_pt,gemma3_4b_it,layer_0,15,1.040123462677002
tune_shift,gemma3_4b_pt,gemma3_4b_it,layer_0,16,1.0394974946975708
tune_shift,gemma3_4b_pt,gemma3_4b_it,layer_2,1,5.862329959869385
tune_shift,gemma3_4b_pt,gemma3_4b_it,layer_2,2,2.2446787357330322
tune_shift,gemma3_4b_pt,gemma3_4b_it,layer_2,3,2.094943046569824
tune_shift,gemma3_4b_pt,gemma3_4b_it,layer_2,4,2.0339479446411133
tune_shift,gemma3_4b_pt,gemma3_4b_it,layer_2,5,2.0054380893707275
tune_shift,gemma3_4b_pt,gemma3_4b_it,layer_2,6,1.9599603414535522
tune_shift,gemma3_4b_pt,gemma3_4b_it,layer_2,7,1.8873531818389893
tune_shift,gemma3_4b_pt,gemma3_4b_it,layer_2,8,1.8266537189483643
tune_shift,gemma3_4b_pt,gemma3_4b_it,layer_2,9,1.8195645809173584
tune_shift,gemma3_4b_pt,gemma3_4b_it,layer_2,10,1.7818320989608765
tune_shift,gemma3_4b_pt,gemma3_4b_it,layer_2,11,1.7628746032714844
tune_shift,gemma3_4b_pt,gemma3_4b_it,layer_2,12,1.7215601205825806
tune_shift,gemma3_4b_pt,gemma3_4b_it,layer_2,13,1.6944924592971802
tune_shift,gemma3_4b_pt,gemma3_4b_it,layer_2,14,1.6781294345855713
tune_shift,gemma3_4b_pt,gemma3_4b_it,layer_2,15,1.6529240608215332
tune_shift,gemma3_4b_pt,gemma3_4b_it,layer_2,16,1.6440966129302979
tune_shift,gemma3_4b_pt,gemma3_4b_it,layer_4,1,12.668907165527344
tune_shift,gemma3_4b_pt,gemma3_4b_it,layer_4,2,3.3849291801452637
tune_shift,gemma3_4b_pt,gemma3_4b_it,layer_4,3,2.552001953125
tune_shift,gemma3_4b_pt,gemma3_4b_it,layer_4,4,2.4165890216827393
tune_shift,gemma3_4b_pt,gemma3_4b_it,layer_4,5,2.3340203762054443
tune_shift,gemma3_4b_pt,gemma3_4b_it,layer_4,6,2.2829749584198
tune_shift,gemma3_4b_pt,gemma3_4b_it,layer_4,7,2.2569780349731445
tune_shift,gemma3_4b_pt,gemma3_4b_it,layer_4,8,2.164856195449829
tune_shift,gemma3_4b_pt,gemma3_4b_it,layer_4,9,2.135937452316284
tune_shift,gemma3_4b_pt,gemma3_4b_it,layer_4,10,2.1109211444854736
tune_shift,gemma3_4b_pt,gemma3_4b_it,layer_4,11,2.0944361686706543
tune_shift,gemma3_4b_pt,gemma3_4b_it,layer_4,12,2.070044755935669
tune_shift,gemma3_4b_pt,gemma3_4b_it,layer_4,13,2.0298919677734375
tune_shift,gemma3_4b_pt,gemma3_4b_it,layer_4,14,1.9984816312789917
tune_shift,gemma3_4b_pt,gemma3_4b_it,layer_4,15,1.9847370386123657
tune_shift,gemma3_4b_pt,gemma3_4b_it,layer_4,16,1.9653468132019043
tune_shift,gemma3_4b_pt,gemma3_4b_it,layer_6,1,24.942249298095703
tune_shift,gemma3_4b_pt,gemma3_4b_it,layer_6,2,3.0145153999328613
tune_shift,gemma3_4b_pt,gemma3_4b_it,layer_6,3,2.9412381649017334
tune_shift,gemma3_4b_pt,gemma3_4b_it,layer_6,4,2.772030830383301
tune_shift,gemma3_4b_pt,gemma3_4b_it,layer_6,5,2.5567123889923096
tune_shift,gemma3_4b_pt,gemma3_4b_it,layer_6,6,2.4960832595825195
tune_shift,gemma3_4b_pt,gemma3_4b_it,layer_6,7,2.40427565574646
tune_shift,gemma3_4b_pt,gemma3_4b_it,layer_6,8,2.386355400085449
tune_shift,gemma3_4b_pt,gemma3_4b_it,layer_6,9,2.315316677093506
tune_shift,gemma3_4b_pt,gemma3_4b_it,layer_6,10,2.257476329803467
tune_shift,gemma3_4b_pt,gemma3_4b_it,layer_6,11,2.214461088180542
tune_shift,gemma3_4b_pt,gemma3_4b_it,layer_6,12,2.19071102142334
tune_shift,gemma3_4b_pt,gemma3_4b_it,layer_6,13,2.1825969219207764
tune_shift,gemma3_4b_pt,gemma3_4b_it,layer_6,14,2.1217410564422607
tune_shift,gemma3_4b_pt,gemma3_4b_it,layer_6,15,2.110252857208252
tune_shift,gemma3_4b_pt,gemma3_4b_it,layer_6,16,2.0748393535614014
tune_shift,gemma3_4b_pt,gemma3_4b_it,layer_8,1,28.149654388427734
tune_shift,gemma3_4b_pt,gemma3_4b_it,layer_8,2,3.8454537391662598
tune_shift,gemma3_4b_pt,gemma3_4b_it,layer_8,3,3.1942577362060547
tune_shift,gemma3_4b_pt,gemma3_4b_it,layer_8,4,2.6014018058776855
tune_shift,gemma3_4b_pt,gemma3_4b_it,layer_8,5,2.554213762283325
tune_shift,gemma3_4b_pt,gemma3_4b_it,layer_8,6,2.4805710315704346
tune_shift,gemma3_4b_pt,gemma3_4b_it,layer_8,7,2.433065891265869
tune_shift,gemma3_4b_pt,gemma3_4b_it,layer_8,8,2.373396158218384
tune_shift,gemma3_4b_pt,gemma3_4b_it,layer_8,9,2.2783963680267334
tune_shift,gemma3_4b_pt,gemma3_4b_it,layer_8,10,2.2639145851135254
tune_shift,gemma3_4b_pt,gemma3_4b_it,layer_8,11,2.2238523960113525
tune_shift,gemma3_4b_pt,gemma3_4b_it,layer_8,12,2.17799711227417
tune_shift,gemma3_4b_pt,gemma3_4b_it,layer_8,13,2.155025005340576
tune_shift,gemma3_4b_pt,gemma3_4b_it,layer_8,14,2.1424689292907715
tune_shift,gemma3_4b_pt,gemma3_4b_it,layer_8,15,2.1139302253723145
tune_shift,gemma3_4b_pt,gemma3_4b_it,layer_8,16,2.0699496269226074
tune_shift,gemma3_4b_pt,gemma3_4b_it,layer_10,1,35.068607330322266
tune_shift,gemma3_4b_pt,gemma3_4b_it,layer_10,2,3.4264402389526367
tune_shift,gemma3_4b_pt,gemma3_4b_it,layer_10,3,2.95509934425354
tune_shift,gemma3_4b_pt,gemma3_4b_it,layer_10,4,2.7127959728240967
tune_shift,gemma3_4b_pt,gemma3_4b_it,layer_10,5,2.5944764614105225
tune_shift,gemma3_4b_pt,gemma3_4b_it,layer_10,6,2.5210704803466797
tune_shift,gemma3_4b_pt,gemma3_4b_it,layer_10,7,2.509624719619751
tune_shift,gemma3_4b_pt,gemma3_4b_it,layer_10,8,2.4377691745758057
tune_shift,gemma3_4b_pt,gemma3_4b_it,layer_10,9,2.4278368949890137
tune_shift,gemma3_4b_pt,gemma3_4b_it,layer_10,10,2.360978364944458
tune_shift,gemma3_4b_pt,gemma3_4b_it,layer_10,11,2.3028969764709473
tune_shift,gemma3_4b_pt,gemma3_4b_it,layer_10,12,2.2874114513397217
tune_shift,gemma3_4b_pt,gemma3_4b_it,layer_10,13,2.270385980606079
tune_shift,gemma3_4b_pt,gemma3_4b_it,layer_10,14,2.2334964275360107
tune_shift,gemma3_4b_pt,gemma3_4b_it,layer_10,15,2.216080665588379
tune_shift,gemma3_4b_pt,gemma3_4b_it,layer_10,16,2.174374580383301
tune_shift,gemma3_4b_pt,gemma3_4b_it,layer_12,1,54.017704010009766
tune_shift,gemma3_4b_pt,gemma3_4b_it,layer_12,2,3.641110897064209
tune_shift,gemma3_4b_pt,gemma3_4b_it,layer_12,3,3.5115694999694824
tune_shift,gemma3_4b_pt,gemma3_4b_it,layer_12,4,3.185687780380249
tune_shift,gemma3_4b_pt,gemma3_4b_it,layer_12,5,3.049900770187378
tune_shift,gemma3_4b_pt,gemma3_4b_it,layer_12,6,2.8763136863708496
tune_shift,gemma3_4b_pt,gemma3_4b_it,layer_12,7,2.8392975330352783
tune_shift,gemma3_4b_pt,gemma3_4b_it,layer_12,8,2.823293447494507
tune_shift,gemma3_4b_pt,gemma3_4b_it,layer_12,9,2.743173360824585
tune_shift,gemma3_4b_pt,gemma3_4b_it,layer_12,10,2.6876909732818604
tune_shift,gemma3_4b_pt,gemma3_4b_it,layer_12,11,2.5903875827789307
tune_shift,gemma3_4b_pt,gemma3_4b_it,layer_12,12,2.5595853328704834
tune_shift,gemma3_4b_pt,gemma3_4b_it,layer_12,13,2.504791259765625
tune_shift,gemma3_4b_pt,gemma3_4b_it,layer_12,14,2.5028679370880127
tune_shift,gemma3_4b_pt,gemma3_4b_it,layer_12,15,2.4309234619140625
tune_shift,gemma3_4b_pt,gemma3_4b_it,layer_12,16,2.3978981971740723
cross_family,gemma3_4b_it,lfm2_5_1_2b_thinking,layer_0,1,0.036805443465709686
cross_family,gemma3_4b_it,lfm2_5_1_2b_thinking,layer_0,2,0.03298184648156166
cross_family,gemma3_4b_it,lfm2_5_1_2b_thinking,layer_0,3,0.03234385326504707
cross_family,gemma3_4b_it,lfm2_5_1_2b_thinking,layer_0,4,0.027491727843880653
cross_family,gemma3_4b_it,lfm2_5_1_2b_thinking,layer_0,5,0.02597931958734989
cross_family,gemma3_4b_it,lfm2_5_1_2b_thinking,layer_0,6,0.02509898878633976
cross_family,gemma3_4b_it,lfm2_5_1_2b_thinking,layer_0,7,0.02428191341459751
cross_family,gemma3_4b_it,lfm2_5_1_2b_thinking,layer_0,8,0.02371184155344963
cross_family,gemma3_4b_it,lfm2_5_1_2b_thinking,layer_0,9,0.0234626866877079
cross_family,gemma3_4b_it,lfm2_5_1_2b_thinking,layer_0,10,0.022623958066105843
cross_family,gemma3_4b_it,lfm2_5_1_2b_thinking,layer_0,11,0.02150030806660652
cross_family,gemma3_4b_it,lfm2_5_1_2b_thinking,layer_0,12,0.021040523424744606
cross_family,gemma3_4b_it,lfm2_5_1_2b_thinking,layer_0,13,0.02004975639283657
cross_family,gemma3_4b_it,lfm2_5_1_2b_thinking,layer_0,14,0.019857430830597878
cross_family,gemma3_4b_it,lfm2_5_1_2b_thinking,layer_0,15,0.01950524002313614
cross_family,gemma3_4b_it,lfm2_5_1_2b_thinking,layer_0,16,0.01939467154443264
cross_family,gemma3_4b_it,lfm2_5_1_2b_thinking,layer_2,1,0.007994434796273708
cross_family,gemma3_4b_it,lfm2_5_1_2b_thinking,layer_2,2,0.006804072763770819
cross_family,gemma3_4b_it,lfm2_5_1_2b_thinking,layer_2,3,0.0066394140012562275
cross_family,gemma3_4b_it,lfm2_5_1_2b_thinking,layer_2,4,0.006190821062773466
cross_family,gemma3_4b_it,lfm2_5_1_2b_thinking,layer_2,5,0.00585367763414979
cross_family,gemma3_4b_it,lfm2_5_1_2b_thinking,layer_2,6,0.0055550094693899155
cross_family,gemma3_4b_it,lfm2_5_1_2b_thinking,layer_2,7,0.0052467891946434975
cross_family,gemma3_4b_it,lfm2_5_1_2b_thinking,layer_2,8,0.005110958591103554
cross_family,gemma3_4b_it,lfm2_5_1_2b_thinking,layer_2,9,0.004931787960231304
cross_family,gemma3_4b_it,lfm2_5_1_2b_thinking,layer_2,10,0.004896229598671198
cross_family,gemma3_4b_it,lfm2_5_1_2b_thinking,layer_2,11,0.004786425270140171
cross_family,gemma3_4b_it,lfm2_5_1_2b_thinking,layer_2,12,0.004725301172584295
cross_family,gemma3_4b_it,lfm2_5_1_2b_thinking,layer_2,13,0.004552933853119612
cross_family,gemma3_4b_it,lfm2_5_1_2b_thinking,layer_2,14,0.004522179719060659
cross_family,gemma3_4b_it,lfm2_5_1_2b_thinking,layer_2,15,0.004396599251776934
cross_family,gemma3_4b_it,lfm2_5_1_2b_thinking,layer_2,16,0.004332049749791622
cross_family,gemma3_4b_it,lfm2_5_1_2b_thinking,layer_4,1,0.00713502848520875
cross_family,gemma3_4b_it,lfm2_5_1_2b_thinking,layer_4,2,0.006842412054538727
cross_family,gemma3_4b_it,lfm2_5_1_2b_thinking,layer_4,3,0.0063783456571400166
cross_family,gemma3_4b_it,lfm2_5_1_2b_thinking,layer_4,4,0.0061319563537836075
cross_family,gemma3_4b_it,lfm2_5_1_2b_thinking,layer_4,5,0.005873073823750019
cross_family,gemma3_4b_it,lfm2_5_1_2b_thinking,layer_4,6,0.005779054015874863
cross_family,gemma3_4b_it,lfm2_5_1_2b_thinking,layer_4,7,0.005716952960938215
cross_family,gemma3_4b_it,lfm2_5_1_2b_thinking,layer_4,8,0.005611680448055267
cross_family,gemma3_4b_it,lfm2_5_1_2b_thinking,layer_4,9,0.005508049391210079
cross_family,gemma3_4b_it,lfm2_5_1_2b_thinking,layer_4,10,0.005395668558776379
cross_family,gemma3_4b_it,lfm2_5_1_2b_thinking,layer_4,11,0.005231924820691347
cross_family,gemma3_4b_it,lfm2_5_1_2b_thinking,layer_4,12,0.005157647654414177
cross_family,gemma3_4b_it,lfm2_5_1_2b_thinking,layer_4,13,0.005143568851053715
cross_family,gemma3_4b_it,lfm2_5_1_2b_thinking,layer_4,14,0.0050406926311552525
cross_family,gemma3_4b_it,lfm2_5_1_2b_thinking,layer_4,15,0.004996717441827059
cross_family,gemma3_4b_it,lfm2_5_1_2b_thinking,layer_4,16,0.004941754508763552
cross_family,gemma3_4b_it,lfm2_5_1_2b_thinking,layer_6,1,0.007764949928969145
cross_family,gemma3_4b_it,lfm2_5_1_2b_thinking,layer_6,2,0.007349423132836819
cross_family,gemma3_4b_it,lfm2_5_1_2b_thinking,layer_6,3,0.007020232733339071
cross_family,gemma3_4b_it,lfm2_5_1_2b_thinking,layer_6,4,0.006751600187271833
cross_family,gemma3_4b_it,lfm2_5_1_2b_thinking,layer_6,5,0.0066169691272079945
cross_family,gemma3_4b_it,lfm2_5_1_2b_thinking,layer_6,6,0.006502227392047644
cross_family,gemma3_4b_it,lfm2_5_1_2b_thinking,layer_6,7,0.0062421271577477455
cross_family,gemma3_4b_it,lfm2_5_1_2b_thinking,layer_6,8,0.006051692645996809
cross_family,gemma3_4b_it,lfm2_5_1_2b_thinking,layer_6,9,0.005874792113900185
cross_family,gemma3_4b_it,lfm2_5_1_2b_thinking,layer_6,10,0.005759525578469038
cross_family,gemma3_4b_it,lfm2_5_1_2b_thinking,layer_6,11,0.005698949098587036
cross_family,gemma3_4b_it,lfm2_5_1_2b_thinking,layer_6,12,0.0056608207523822784
cross_family,gemma3_4b_it,lfm2_5_1_2b_thinking,layer_6,13,0.005565261468291283
cross_family,gemma3_4b_it,lfm2_5_1_2b_thinking,layer_6,14,0.005374588072299957
cross_family,gemma3_4b_it,lfm2_5_1_2b_thinking,layer_6,15,0.0053102560341358185
cross_family,gemma3_4b_it,lfm2_5_1_2b_thinking,layer_6,16,0.0051381452940404415
cross_family,gemma3_4b_it,lfm2_5_1_2b_thinking,layer_8,1,0.006330785807222128
cross_family,gemma3_4b_it,lfm2_5_1_2b_thinking,layer_8,2,0.004050993826240301
cross_family,gemma3_4b_it,lfm2_5_1_2b_thinking,layer_8,3,0.0038232121150940657
cross_family,gemma3_4b_it,lfm2_5_1_2b_thinking,layer_8,4,0.0036325210239738226
cross_family,gemma3_4b_it,lfm2_5_1_2b_thinking,layer_8,5,0.0035054185427725315
cross_family,gemma3_4b_it,lfm2_5_1_2b_thinking,layer_8,6,0.00346445688046515
cross_family,gemma3_4b_it,lfm2_5_1_2b_thinking,layer_8,7,0.003409123048186302
cross_family,gemma3_4b_it,lfm2_5_1_2b_thinking,layer_8,8,0.0032467632554471493
cross_family,gemma3_4b_it,lfm2_5_1_2b_thinking,layer_8,9,0.0032401620410382748
cross_family,gemma3_4b_it,lfm2_5_1_2b_thinking,layer_8,10,0.0031906745862215757
cross_family,gemma3_4b_it,lfm2_5_1_2b_thinking,layer_8,11,0.0031221790704876184
cross_family,gemma3_4b_it,lfm2_5_1_2b_thinking,layer_8,12,0.003075823886319995
cross_family,gemma3_4b_it,lfm2_5_1_2b_thinking,layer_8,13,0.0030476271640509367
cross_family,gemma3_4b_it,lfm2_5_1_2b_thinking,layer_8,14,0.0029749893583357334
cross_family,gemma3_4b_it,lfm2_5_1_2b_thinking,layer_8,15,0.0029538951348513365
cross_family,gemma3_4b_it,lfm2_5_1_2b_thinking,layer_8,16,0.0029332709964364767
cross_family,gemma3_4b_it,lfm2_5_1_2b_thinking,layer_10,1,0.006041403394192457
cross_family,gemma3_4b_it,lfm2_5_1_2b_thinking,layer_10,2,0.0043602753430604935
cross_family,gemma3_4b_it,lfm2_5_1_2b_thinking,layer_10,3,0.004175843670964241
cross_family,gemma3_4b_it,lfm2_5_1_2b_thinking,layer_10,4,0.003914571367204189
cross_family,gemma3_4b_it,lfm2_5_1_2b_thinking,layer_10,5,0.0036870846524834633
cross_family,gemma3_4b_it,lfm2_5_1_2b_thinking,layer_10,6,0.003568239277228713
cross_family,gemma3_4b_it,lfm2_5_1_2b_thinking,layer_10,7,0.0034308333415538073
cross_family,gemma3_4b_it,lfm2_5_1_2b_thinking,layer_10,8,0.0034113700967282057
cross_family,gemma3_4b_it,lfm2_5_1_2b_thinking,layer_10,9,0.003378809429705143
cross_family,gemma3_4b_it,lfm2_5_1_2b_thinking,layer_10,10,0.00333612272515893
cross_family,gemma3_4b_it,lfm2_5_1_2b_thinking,layer_10,11,0.003230045083910227
cross_family,gemma3_4b_it,lfm2_5_1_2b_thinking,layer_10,12,0.003180183470249176
cross_family,gemma3_4b_it,lfm2_5_1_2b_thinking,layer_10,13,0.0031367626506835222
cross_family,gemma3_4b_it,lfm2_5_1_2b_thinking,layer_10,14,0.0031166651751846075
cross_family,gemma3_4b_it,lfm2_5_1_2b_thinking,layer_10,15,0.0030919532291591167
cross_family,gemma3_4b_it,lfm2_5_1_2b_thinking,layer_10,16,0.003064974443987012
cross_family,gemma3_4b_it,lfm2_5_1_2b_thinking,layer_12,1,0.005464675836265087
cross_family,gemma3_4b_it,lfm2_5_1_2b_thinking,layer_12,2,0.004800631199032068
cross_family,gemma3_4b_it,lfm2_5_1_2b_thinking,layer_12,3,0.004500259179621935
cross_family,gemma3_4b_it,lfm2_5_1_2b_thinking,layer_12,4,0.00403855973854661
cross_family,gemma3_4b_it,lfm2_5_1_2b_thinking,layer_12,5,0.003917392808943987
cross_family,gemma3_4b_it,lfm2_5_1_2b_thinking,layer_12,6,0.003836516523733735
cross_family,gemma3_4b_it,lfm2_5_1_2b_thinking,layer_12,7,0.00372655619867146
cross_family,gemma3_4b_it,lfm2_5_1_2b_thinking,layer_12,8,0.003648757003247738
cross_family,gemma3_4b_it,lfm2_5_1_2b_thinking,layer_12,9,0.003621852258220315
cross_family,gemma3_4b_it,lfm2_5_1_2b_thinking,layer_12,10,0.0035232887603342533
cross_family,gemma3_4b_it,lfm2_5_1_2b_thinking,layer_12,11,0.003414205741137266
cross_family,gemma3_4b_it,lfm2_5_1_2b_thinking,layer_12,12,0.003345840610563755
cross_family,gemma3_4b_it,lfm2_5_1_2b_thinking,layer_12,13,0.003332338761538267
cross_family,gemma3_4b_it,lfm2_5_1_2b_thinking,layer_12,14,0.0033095725812017918
cross_family,gemma3_4b_it,lfm2_5_1_2b_thinking,layer_12,15,0.0032643377780914307
cross_family,gemma3_4b_it,lfm2_5_1_2b_thinking,layer_12,16,0.003199933795258403
